credit_score,income,dti,loan_amount,interest_rate,default_probability_true,default,industry_Finance,industry_Healthcare,industry_Manufacturing,industry_Retail,industry_Technology,predicted_pd,lgd,expected_loss,stressed_pd,stressed_lgd,stressed_expected_loss
709.802849180674,98154.43868829103,0.4679226523903202,34340.33291399965,0.059744651750768554,0.27776310659112546,0,False,False,True,False,False,0.10514775109228215,0.45,1624.8639499503026,0.16823640174765145,0.5625,3249.7278999006053
671.704141929729,122735.41601175326,0.4109560419495322,18385.7714040576,0.07566443987853447,0.3145785106098455,0,False,False,False,False,False,0.22716825243897334,0.45,1879.4986018209963,0.3634692039023574,0.5625,3758.997203641993
718.8613122860415,40035.81065452147,0.30715564439042087,15181.613398932313,0.056227402370001164,0.1480187366111079,0,False,True,False,False,False,0.17349559524736674,0.45,1185.2743740584222,0.2775929523957868,0.5625,2370.5487481168443
771.3817913844815,89074.23091726427,0.22236758667533113,24959.506511068575,0.0707611541108288,0.08738261091165414,0,False,True,False,False,False,0.0393479142394979,0.45,441.947034745972,0.06295666278319664,0.5625,883.8940694919443
665.9507975165999,58733.93577195432,0.38378679763363077,22957.784529700857,0.023191559991386435,0.2888679536570516,1,False,False,False,False,False,0.3693725740715501,0.45,3815.989185022028,0.5909961185144802,0.5625,7631.978370044056
665.9517825830492,62821.86540588259,0.34721824625060993,19561.263408072697,0.08639881122118816,0.29179891737412095,0,False,False,True,False,False,0.28437325778671346,0.45,2503.2150907999476,0.4549972124587416,0.5625,5006.430181599897
774.7527689304435,60190.15189402827,0.40742318640332786,33356.64936948058,0.08003616426086672,0.1352524319462525,0,False,False,False,False,True,0.05579486967407086,0.45,837.5084569502311,0.08927179147851338,0.5625,1675.0169139004624
726.0460837491745,53400.230758004596,0.37622061620183633,36463.66250284613,0.055487341067954284,0.21605418889228323,0,False,False,False,False,False,0.16143161380651222,0.45,2648.8745474087054,0.25829058209041955,0.5625,5297.749094817411
651.8315368439029,76213.04069862068,0.4259463258383202,26060.882635502167,0.09977737005297216,0.4028729586113697,1,False,False,False,False,False,0.3801943237608866,0.45,4458.6898425974605,0.6083109180174185,0.5625,8917.379685194921
712.5536026151578,54226.24708972406,0.23577177461273183,42730.36097266314,0.10812710412879675,0.2167984979972427,0,False,False,False,False,False,0.15685476933092068,0.45,3016.107411207324,0.2509676309294731,0.5625,6032.214822414648
652.1949384312522,81761.42064449597,0.4580872878761191,11299.73063039794,0.03177320406893078,0.3061003750700411,0,False,True,False,False,False,0.3188982534964301,0.45,1621.5589633563081,0.5102372055942882,0.5625,3243.1179267126167
652.0562147857846,73744.04726377157,0.32371195256308793,22676.08648864338,0.05711825664301357,0.31795915138067643,0,False,False,False,True,False,0.3412796364276411,0.45,3482.4989486006807,0.5460474182842258,0.5625,6964.997897201361
694.517736293962,69026.29882833976,0.5490313047150318,16398.132152766342,0.056925729506381056,0.28133673941877396,0,False,False,False,False,True,0.2259421350005301,0.45,1667.26304487759,0.3615074160008482,0.5625,3334.52608975518
565.2031853205322,52310.90844896005,0.21729746182925186,3000.0,0.051802906966734064,0.38381667909327283,0,False,False,True,False,False,0.7136659913255801,0.45,963.4490882895332,1.0,0.5625,1687.5
576.504930049218,60580.716735791684,0.5083156563798299,24007.83176988761,0.10488424525795245,0.6249168565089068,0,False,False,True,False,False,0.6507939170748807,0.45,7030.867895099966,1.0,0.5625,13504.40537056178
646.2627482455416,93884.7806456439,0.3237492940155177,23539.029899400597,0.0741852158368159,0.3440475784543841,0,False,False,False,True,False,0.30962598736565583,0.45,3279.732918404222,0.49540157978504934,0.5625,6559.465836808444
619.2301327799346,87522.92969060953,0.2218298395662662,43161.39691890557,0.07206455476068167,0.3799126268953735,0,False,False,False,False,False,0.3503954891111304,0.45,6805.601452853799,0.5606327825778087,0.5625,13611.2029057076
698.8548399557164,50561.11888003622,0.2419336999134814,32569.74021465733,0.02,0.15472446678259782,0,False,False,False,False,True,0.15360570025409004,0.45,2251.3039887448062,0.24576912040654408,0.5625,4502.6079774896125
625.5185554687273,77483.30763573064,0.2615583230166816,12709.75810804954,0.0990625409062768,0.3258524036433835,0,False,False,True,False,False,0.39587858869350245,0.45,2264.184496102703,0.633405741909604,0.5625,4528.368992205406
595.2617779198825,93784.67808429472,0.35089991356822997,47249.11079601026,0.04282224815439583,0.46147398024642583,0,True,False,False,False,False,0.4123924128454432,0.45,8768.328662685757,0.6598278605527091,0.5625,17536.657325371514
767.9389261352933,33264.86797196571,0.36274025856425995,39652.40434630423,0.08179797890798986,0.15701330410303768,0,False,False,True,False,False,0.07429891859743609,0.45,1325.7588432234058,0.11887826975589776,0.5625,2651.5176864468117
666.4534219708079,88584.00480949838,0.2311559995273705,31985.17244162339,0.08832130813874577,0.26858205421812614,1,False,False,False,False,False,0.23629962083645742,0.45,3401.137854154941,0.3780793933383319,0.5625,6802.275708309882
684.0516922812755,58434.406026353834,0.29707744892868204,22282.19081380202,0.12081975787515953,0.23280458819097272,0,True,False,False,False,False,0.274532944489454,0.45,2752.737954205019,0.43925271118312637,0.5625,5505.475908410038
594.5151088271926,89264.96671482899,0.5570724430334236,13486.729159318245,0.04073538802642664,0.5633092467544405,0,False,False,False,True,False,0.6170147021099316,0.45,3744.679578603334,0.9872235233758906,0.5625,7489.359157206668
647.3370365284891,55918.52108643708,0.5073051804120854,20533.518687147363,0.02,0.3452980295196753,1,False,False,False,False,True,0.3858861975463356,0.45,3565.6206517934643,0.617417916074137,0.5625,7131.2413035869295
686.655355382592,29877.947483387023,0.35235884036088383,38064.98343645023,0.08551548634261084,0.31035500199844607,0,False,False,False,True,False,0.2837555514077387,0.45,4860.517663951369,0.454008882252382,0.5625,9721.03532790274
610.9403853546619,34311.439052920934,0.304560417380184,47615.0356712153,0.13401533544532562,0.5200376508678368,0,False,False,False,True,False,0.5066257477030794,0.45,10855.351371977213,0.8106011963249271,0.5625,21710.702743954425
702.5418811007403,76202.12366653455,0.31440375920619135,43518.92233926627,0.11716839058818312,0.23999352341950284,0,False,False,False,False,True,0.10664926148875582,0.45,2088.5674177211695,0.17063881838200934,0.5625,4177.13483544234
643.9616786048717,81493.06254303704,0.37362215672765,19133.80693856471,0.08628978245823878,0.31965581679205285,0,False,False,False,False,True,0.3104798413997067,0.45,2673.2976046461804,0.49676774623953074,0.5625,5346.595209292361
662.4983750124034,52392.084372389785,0.17726489217619132,11564.590800531865,0.06525091443103859,0.194595299729094,1,False,False,True,False,False,0.3083932600223259,0.45,1604.8988360100998,0.4934292160357215,0.5625,3209.7976720201996
643.8976032662362,90964.81146943435,0.2691148155091986,26690.634962934448,0.10421367789911931,0.32373896716828,1,False,False,True,False,False,0.2517267649087295,0.45,3023.436236660692,0.40276282385396717,0.5625,6046.872473321384
791.1366910705362,33461.998443276,0.09976991113468921,3778.7276132457805,0.050793614008865944,0.040241842740535126,0,False,False,False,False,True,0.0670169716211284,0.45,113.95749654939002,0.10722715459380544,0.5625,227.91499309878006
679.190166515724,73348.00503381708,0.3479067747126335,28878.01257021738,0.09429073308068657,0.2629905908886388,0,True,False,False,False,False,0.24452829282249716,0.45,3177.6710012558415,0.3912452685159955,0.5625,6355.342002511683
616.537344262646,44724.59500593859,0.3776635127643289,23228.768964415976,0.0951641047749988,0.41254977430119627,0,False,True,False,False,False,0.48968199437981336,0.45,5118.619461067407,0.7834911910077014,0.5625,10237.238922134815
729.3526947261913,58704.09730494602,0.24201762452407513,19407.561977581092,0.11180629722496639,0.15329497428090144,0,False,False,True,False,False,0.12122762930673475,0.45,1058.7297281245562,0.19396420689077562,0.5625,2117.459456249113
606.7493810017387,76184.96678291036,0.4888784115948039,5863.563192798455,0.16278980116733233,0.5129239342324088,1,False,True,False,False,False,0.5479801905072973,0.45,1445.9024139485732,0.8767683048116757,0.5625,2891.8048278971464
692.5318157002853,53489.66586790119,0.15290812043971908,31163.201278836597,0.091772479015363,0.16299665250394862,0,True,False,False,False,False,0.20352235458889523,0.45,2854.083645358423,0.3256357673422324,0.5625,5708.167290716846
562.4197925672134,65386.11139425437,0.1242750143748216,18607.58992405706,0.06473109122877505,0.3467759654431044,0,False,False,False,False,True,0.5999013869597893,0.45,5023.223551539375,0.959842219135663,0.5625,10046.44710307875
600.3088370660942,100157.32023036102,0.32693421822719665,10960.997971476543,0.07923277063424017,0.37321602565890916,0,True,False,False,False,False,0.5220341440546618,0.45,2574.9068373110886,0.8352546304874588,0.5625,5149.813674622177
691.8116741521474,60577.703261921284,0.4256517963134585,3000.0,0.026927722853326456,0.21531098043463182,1,False,False,True,False,False,0.2758230345202398,0.45,372.36109660232376,0.44131685523238373,0.5625,744.7221932046475
724.3079947997246,95892.30280162854,0.5020713229749443,24669.821139392367,0.05915860606732826,0.26625098523659047,0,False,False,False,True,False,0.1312542441359794,0.45,1457.108426979338,0.21000679061756702,0.5625,2914.216853958676
690.2820968713983,46757.32863355955,0.2449338884557272,46267.01916003693,0.06772152685660689,0.2100454501467456,1,False,False,False,False,True,0.1496411823477929,0.45,3115.5531528671613,0.23942589175646864,0.5625,6231.106305734323
673.0611030567055,88245.10444788207,0.42944170001175547,44935.11057457444,0.06427734806196223,0.3740634364428099,0,False,False,False,False,False,0.21676315081680386,0.45,4383.124267700807,0.3468210413068862,0.5625,8766.248535401613
661.9337782646427,111039.21551644751,0.2953789836599151,19514.844920964737,0.08457064616101166,0.2531220624068703,0,False,True,False,False,False,0.17680374427798592,0.45,1552.6339429638608,0.2828859908447775,0.5625,3105.267885927722
591.2886805779543,20000.0,0.27928472400710164,17773.455275658634,0.055327402028533985,0.36564211928855384,0,True,False,False,False,False,0.7235387275069853,0.45,5786.902446098564,1.0,0.5625,9997.568592557982
636.8093474963175,55077.61861323808,0.40603919249840065,30625.291072900287,0.11363092001973414,0.3999076719961411,0,False,False,False,False,True,0.3695218012109548,0.45,5092.52072394055,0.5912348819375277,0.5625,10185.0414478811
652.3616737424128,89426.8031795135,0.3782787454096103,13019.374729740503,0.08000621194754592,0.2915831473216974,0,True,False,False,False,False,0.35611670252942723,0.45,2086.3875589875634,0.5697867240470836,0.5625,4172.775117975127
743.4273335731349,69923.86534892519,0.11083294116189008,28621.502797833593,0.07972099036584121,0.08852227153615234,0,False,False,False,False,True,0.06389074325288464,0.45,822.8920890456475,0.10222518920461543,0.5625,1645.784178091295
700.6170973741076,84278.64683428271,0.4771848419671075,34192.96334061628,0.07016315850461247,0.3077222281884169,0,False,False,True,False,False,0.13903922730935034,0.45,2139.373441033304,0.22246276369496054,0.5625,4278.746882066608
574.217590678236,59900.37033210449,0.4656109624976942,39723.19868661169,0.08465572051576938,0.6278608326775748,0,False,False,True,False,False,0.5866732208038347,0.45,10487.041611347311,0.9386771532861355,0.5625,20974.083222694626
699.4450381636877,77164.7446868225,0.22493247581885648,23798.151082240565,0.10475294794002904,0.19311756346428685,0,False,False,True,False,False,0.14053221226085022,0.45,1504.983068687346,0.22485153961736037,0.5625,3009.966137374692
656.895063175021,71108.06911519801,0.3474964240124891,22555.91499787641,0.05398609352867299,0.27038065743301937,0,True,False,False,False,False,0.3409682548242019,0.45,3460.8829377550333,0.5455492077187231,0.5625,6921.7658755100665
639.3846799816424,104194.55154149518,0.35928362235392863,14464.208958921268,0.0602565053277423,0.3384462064847193,0,False,False,False,False,False,0.3776227066201679,0.45,2457.906181284389,0.6041963305922686,0.5625,4915.812362568777
716.7005773304521,81360.52108253032,0.33128085189886886,15077.43575152168,0.07088821913670006,0.1786729085385752,0,False,False,True,False,False,0.13215011629988896,0.45,896.6181996304622,0.21144018607982235,0.5625,1793.2363992609244
741.8599713497571,83440.06655188005,0.23396338153854956,22282.25329718168,0.03962387229580355,0.10047145681546138,0,False,False,False,False,True,0.06995823940569068,0.45,701.4722447981145,0.1119331830491051,0.5625,1402.944489596229
735.8768071469719,64703.075846938314,0.21940519584743381,29408.38608179414,0.05542226420835507,0.13011929156293595,0,False,False,True,False,False,0.08602435730966491,0.45,1138.426880490376,0.13763897169546388,0.5625,2276.853760980752
629.6469486066417,62809.84439818766,0.29693351148102654,35963.01551479899,0.06571337379366024,0.3899873407510727,1,False,False,False,True,False,0.3945759410128727,0.45,6385.56330978556,0.6313215056205963,0.5625,12771.126619571116
661.4472574489271,64186.04530450948,0.44072748231112374,15361.852591835863,0.10623167542138182,0.35655677370152694,0,False,False,True,False,False,0.33428239042589725,0.45,2310.838562596121,0.5348518246814357,0.5625,4621.677125192243
699.8758058842138,84861.30355945742,0.36523201855133186,42912.26282751426,0.08787683987005776,0.2548472538502154,0,True,False,False,False,False,0.14143925134230415,0.45,2731.2652474775123,0.22630280214768664,0.5625,5462.530494955025
738.5327076273416,64475.387979493426,0.2555262801496673,21746.516787489174,0.08580769734102633,0.145340594728736,0,False,False,False,False,False,0.13662798822390132,0.45,1337.0322777983745,0.2186047811582421,0.5625,2674.064555596749
651.2495457292827,82244.37142241032,0.39260384527780134,24743.592467818766,0.10552693886503917,0.397242244202586,1,False,False,False,True,False,0.33534266745569785,0.45,3733.912035267777,0.5365482679291166,0.5625,7467.824070535554
668.860461400171,126885.01996613597,0.05,16033.45985022612,0.0758788463480181,0.1352128181202521,0,True,False,False,False,False,0.15676831780976783,0.45,1131.0923382256804,0.2508293084956285,0.5625,2262.1846764513607
613.6199015596383,96778.11758579231,0.4378518840446524,3000.0,0.09171394549786668,0.39737194068005816,1,True,False,False,False,False,0.5432113862905207,0.45,733.3353714922029,0.8691382180648332,0.5625,1466.670742984406
608.2276025551597,66849.41169580397,0.09123434654662804,35608.544756332594,0.07690334741202512,0.27940907672483206,0,True,False,False,False,False,0.4185569042686848,0.45,6706.891016425566,0.6696910468298958,0.5625,13413.782032851133
728.7515493436518,105030.34805409862,0.2565070870316241,33842.1267651092,0.08796087048198885,0.14881267889512087,0,False,False,False,False,True,0.05862965135448709,0.45,892.8684419997188,0.09380744216717934,0.5625,1785.7368839994374
761.3744017142494,64798.115674461216,0.16563961264486274,21624.06931458144,0.06251724027165254,0.07756843774312573,0,True,False,False,False,False,0.08186445266001365,0.45,796.6091694241827,0.13098312425602185,0.5625,1593.2183388483654
675.67939270518,24046.886620553654,0.14463822291349132,25803.888606698463,0.02,0.14465423480639825,0,False,False,False,False,True,0.26255944794781655,0.45,3048.7746363667657,0.4200951167165065,0.5625,6097.549272733532
740.2119738735214,49797.842227064895,0.4392992144854223,31191.270612449192,0.07597162513441087,0.19091987434727758,0,True,False,False,False,False,0.14514776654396308,0.45,2037.3044692794085,0.23223642647034093,0.5625,4074.608938558817
701.698161502858,28230.201974353608,0.24387585584257304,6249.449717361488,0.12268244408299821,0.16427604515671007,0,False,True,False,False,False,0.25881947260330856,0.45,727.8656759587783,0.4141111561652937,0.5625,1455.7313519175566
641.2928147236926,66212.16289896729,0.34158046580768586,18651.36787184446,0.10778646206724776,0.37775127453860474,0,False,False,False,True,False,0.42603002179650573,0.45,3575.719197439444,0.6816480348744092,0.5625,7151.438394878888
701.6837363305049,75460.4594797388,0.2943695305344979,34531.17615546192,0.10896192453773512,0.2211950045471093,1,False,True,False,False,False,0.1182962053810547,0.45,1838.2081979411562,0.18927392860968753,0.5625,3676.4163958823124
772.2821939879582,116910.93280688206,0.35724489926677455,9948.526921969007,0.11708392165418653,0.11314887903182129,1,True,False,False,False,False,0.059703926916911856,0.45,267.2847559260755,0.09552628306705897,0.5625,534.569511852151
677.8504376534029,83173.18434410407,0.3092186269272306,28522.69518599955,0.08265972772884313,0.28449932240314485,1,False,False,False,True,False,0.21816158143816483,0.45,2800.1503298953767,0.34905853030106376,0.5625,5600.300659790754
773.8786193488404,69522.4867797784,0.14604093309737165,8721.01834451914,0.08591947122216788,0.07736385515632029,0,False,False,False,True,False,0.07697745131910318,0.45,302.0947942807025,0.1231639221105651,0.5625,604.1895885614051
522.8152937546154,95735.13952958724,0.4195520183336568,30597.159789202316,0.0614704431369695,0.6923459957018808,0,False,False,False,False,False,0.7745647333377275,0.45,10664.766410856899,1.0,0.5625,17210.902381426302
729.3141502625134,20000.0,0.24074921002064248,24572.302212430197,0.07051781431918851,0.13193101528370244,0,False,True,False,False,False,0.15136504526958178,0.45,1673.7244365430538,0.24218407243133086,0.5625,3347.4488730861076
685.2228240942903,80890.36395271415,0.11321017216082987,5618.418209133886,0.09847313449313425,0.15218065715686077,1,False,False,False,False,False,0.25624403745149443,0.45,647.8587746997579,0.40999045992239114,0.5625,1295.7175493995157
662.059558972048,94271.62984717418,0.24862618068409048,38976.87225348606,0.1161165331150645,0.3293973934716825,0,False,False,False,True,False,0.2008828327313213,0.45,3523.4030291792033,0.3214125323701141,0.5625,7046.8060583584065
685.5056465921301,38035.34385550396,0.4800911748761173,16184.901078423412,0.07581661172957002,0.27577242736810975,1,False,False,False,False,True,0.30932801032996077,0.45,2252.899461589178,0.49492481652793724,0.5625,4505.798923178356
560.7458651239465,103593.85108017323,0.40202660905361914,15276.970755827431,0.06649432205445766,0.5744084255523568,0,False,False,False,True,False,0.6593805515688758,0.45,4533.001831475584,1.0,0.5625,8593.29605015293
666.8196867297493,83462.41018736035,0.2581617438710569,27406.830366771315,0.08001583876569791,0.26723890496139324,1,False,False,False,False,False,0.2653862967193521,0.45,3273.0287471338147,0.42461807475096336,0.5625,6546.057494267629
701.4267542907048,64617.80215247997,0.25808907548178855,38783.64819314458,0.09803620246787345,0.20798740576021324,0,False,True,False,False,False,0.11958919251339721,0.45,2087.1473265638265,0.19134270802143555,0.5625,4174.294653127654
768.6736426844909,90819.54665265713,0.2614037938539141,12810.138172259236,0.03668435551599375,0.07762427192251173,0,True,False,False,False,False,0.07013636183319746,0.45,404.3054186922729,0.11221817893311595,0.5625,808.6108373845458
648.9037869035811,131767.3214451099,0.5492097580273009,25740.15819817566,0.02,0.3825799602555921,1,True,False,False,False,False,0.25638181426926554,0.45,2969.6888062917833,0.4102109028308249,0.5625,5939.3776125835675
631.4903838264088,79546.65637646239,0.3458322542677864,30145.798003966876,0.06348389451525249,0.3524211760000166,0,False,True,False,False,False,0.30321491131752004,0.45,4113.29496076591,0.48514385810803207,0.5625,8226.589921531819
649.8945773849279,81205.5146575084,0.35160499766292835,33317.26728715773,0.043378627222575246,0.3022461317303443,1,True,False,False,False,False,0.3011856945922936,0.45,4515.607930409867,0.48189711134766977,0.5625,9031.215860819733
734.9241270621244,63515.9775114939,0.42363401448382104,27117.298663326703,0.06475579407058067,0.18172322228403207,0,True,False,False,False,False,0.14219917347480968,0.45,1735.2258555575784,0.2275186775596955,0.5625,3470.4517111151567
699.725066579581,53753.89076338021,0.3286546990831816,20595.66593100013,0.07556659043547585,0.22392161180763562,0,False,False,False,False,False,0.26612887457793744,0.45,2466.4956279301045,0.42580619932469993,0.5625,4932.99125586021
648.2143877739777,95758.39541360614,0.2689149425015156,15068.917352215363,0.0664025477293096,0.2478784009120948,1,False,True,False,False,False,0.24800984801271525,0.45,1681.7579560075949,0.3968157568203444,0.5625,3363.5159120151898
710.7960459868013,53597.90435227832,0.2764380181098026,26033.7265965565,0.12357402603412236,0.20820059478371122,0,False,False,True,False,False,0.15453959575620632,0.45,1810.4587129167473,0.24726335320993012,0.5625,3620.9174258334947
685.8246529608824,76789.1559304848,0.2914078488703123,12134.331856172717,0.0898023429380696,0.19170388413232828,0,False,False,False,False,True,0.20148812793189355,0.45,1100.215714232061,0.3223810046910297,0.5625,2200.4314284641223
738.1186994319734,63058.56383087208,0.295533331618819,3000.0,0.08901423078832485,0.114527039504104,0,False,False,False,False,True,0.13105422537774888,0.45,176.923204259961,0.20968676060439823,0.5625,353.846408519922
637.8768143673589,86974.4956436598,0.3873155452364376,30238.717649892013,0.09866621432130206,0.3794005258652841,0,True,False,False,False,False,0.35264491061604314,0.45,4798.588447255471,0.564231856985669,0.5625,9597.176894510942
660.340271204134,83341.55263217371,0.3062335062968759,35847.218093034346,0.04583500646657693,0.2607947841461404,1,False,False,False,False,True,0.19088979467600267,0.45,3079.2906456683463,0.3054236714816043,0.5625,6158.5812913366935
656.4735108120706,100938.49860644748,0.38791680926586947,3000.0,0.11117335362260806,0.2928829801661231,0,False,True,False,False,False,0.27843969087263254,0.45,375.893582678054,0.4455035053962121,0.5625,751.787165356108
592.1891031120729,62249.59002863132,0.29031401038697013,12883.23154348075,0.0777270714039362,0.38128621353645686,1,False,True,False,False,False,0.5543940885962992,0.45,3214.074334375397,0.8870305417540788,0.5625,6428.148668750794
697.7672166238746,68253.12661766572,0.3094362228379309,32429.851132062373,0.10011441851723638,0.2631927168373486,1,False,False,False,True,False,0.18514718535287145,0.45,2701.9330463312913,0.2962354965645943,0.5625,5403.866092662582
695.6633163307934,50530.90710544232,0.06021591785614708,49689.94563654038,0.04784428300879534,0.16580413217195691,0,False,False,False,True,False,0.1388699672853003,0.45,3105.1985062296208,0.22219194765648048,0.5625,6210.3970124592415
680.3068073985477,63892.66849809721,0.40995932096429777,25249.524492104894,0.033387237019518075,0.24499014524100365,0,False,False,False,False,True,0.22178923537437045,0.45,2520.032728801673,0.35486277659899274,0.5625,5040.065457603346
665.9247719974911,84432.5123261213,0.3415786171077591,16263.96470525039,0.10453668974075085,0.2933743780599814,0,False,False,True,False,False,0.2476758082699332,0.45,1812.6857718209503,0.39628129323189315,0.5625,3625.3715436419006
595.0777554769752,93924.7154161338,0.41976121318315823,22805.24270674192,0.0912922857829255,0.5375677559089247,1,False,False,False,True,False,0.532156658629073,0.45,5461.182791120168,0.8514506538065169,0.5625,10922.365582240336
654.7612806340785,51945.86689555937,0.05,41498.51702977822,0.05293845336927469,0.2143649768341052,1,False,False,False,True,False,0.25611505206889157,0.45,4782.777682438545,0.40978408331022653,0.5625,9565.55536487709
659.4371290083939,96740.14800264151,0.5506049645736872,17248.429850505578,0.05391010756175917,0.3696673246609943,0,False,True,False,False,False,0.26224160941312563,0.45,2035.4652017306914,0.41958657506100105,0.5625,4070.9304034613833
631.8633638467029,108890.94647012377,0.2832492446213791,15409.695920196957,0.11376304353244308,0.3395894190455653,0,False,False,True,False,False,0.2902381144565662,0.45,2012.6164897021526,0.46438098313050596,0.5625,4025.2329794043053
670.3228573000395,85335.87258059252,0.432981938008502,19207.07773381561,0.04431764321398017,0.2737358858502462,0,True,False,False,False,False,0.2917450993190335,0.45,2521.6068604861944,0.46679215891045356,0.5625,5043.213720972389
704.2430514088722,121919.89531395165,0.1752112887449363,13560.056700895451,0.1292801885976789,0.14418449094611555,0,False,False,False,False,True,0.09002259535288447,0.45,549.3201738060964,0.14403615256461516,0.5625,1098.6403476121927
793.1711540726318,55655.270022410674,0.37353286860750834,26472.043791937547,0.052981377960563944,0.11668387465426099,0,False,False,False,True,False,0.06324705443574283,0.45,753.425457630319,0.10119528709718853,0.5625,1506.850915260638
690.4746687699103,43883.632417214576,0.17359013241916127,44496.141501634724,0.0991517577682515,0.21783042558135332,0,False,False,True,False,False,0.1548555037467097,0.45,3100.7125831592343,0.24776880599473552,0.5625,6201.425166318469
695.4530234433659,30531.993777393036,0.22514772471650338,28876.95127739235,0.07014144572753046,0.19116359892213405,0,False,False,True,False,False,0.21114335151832705,0.45,2743.7293234530252,0.3378293624293233,0.5625,5487.4586469060505
675.53324505403,112401.10778722957,0.5296837624640143,21971.75797448455,0.09809562293247029,0.3504370651398371,0,False,False,False,False,True,0.17934431085305422,0.45,1773.2294064738135,0.28695089736488677,0.5625,3546.4588129476274
564.8737270820575,91359.14140885144,0.2771181119083984,21498.26477301347,0.06367657993657422,0.4750383677499119,0,False,False,True,False,False,0.5589204299470832,0.45,5407.118725522016,0.8942726879153332,0.5625,10814.237451044031
678.409167473047,73610.38322723862,0.3260919447815667,6241.710295640115,0.07511621281783118,0.22598964518332082,0,False,False,True,False,False,0.26008849060331773,0.45,730.5286543093015,0.4161415849653084,0.5625,1461.057308618603
683.6138125964616,81999.2156579955,0.40440812768265044,35597.31732576591,0.08122757526187163,0.3152987720122878,0,False,False,True,False,False,0.16424295823469948,0.45,2630.9739162614014,0.26278873317551915,0.5625,5261.947832522802
827.7945267491172,46862.77381754059,0.3594818265567125,24065.953635846374,0.04993437632655582,0.08026307243216985,0,False,False,False,True,False,0.04231297866217224,0.45,458.2359822052773,0.06770076585947558,0.5625,916.4719644105546
668.4583421131326,136143.79949042067,0.3180502686172291,22834.241036912492,0.10222473036260377,0.2583731908383967,0,False,False,False,False,True,0.12801747426258583,0.45,1315.4318389118819,0.20482795882013735,0.5625,2630.8636778237637
698.0928405400167,78230.52954938069,0.343795320295947,63317.29081413833,0.06460359300585244,0.3005970418964176,0,False,False,True,False,False,0.08719050972067727,0.45,2484.300087097685,0.13950481555308364,0.5625,4968.60017419537
677.9172938176854,77734.86986512232,0.588409870228593,28585.034900388237,0.07314200253979944,0.41268616504075667,0,False,False,True,False,False,0.23585468025011327,0.45,3033.861419866228,0.37736748840018125,0.5625,6067.722839732456
609.8793177428281,93144.1655974673,0.29308574435596974,15978.507398857788,0.050169518761744636,0.37618209482109294,0,False,False,False,True,False,0.46672032347900344,0.45,3355.8723638579504,0.7467525175664056,0.5625,6711.744727715902
748.5693688709013,87025.23079341782,0.3241318856057961,19883.70884553348,0.02,0.10750084237433788,1,False,False,False,False,True,0.06893216841703667,0.45,616.7822251030361,0.11029146946725868,0.5625,1233.5644502060723
725.1159819612064,80597.10060697829,0.4260785275209134,38781.34851036106,0.07426916712199493,0.22699763409212634,1,False,True,False,False,False,0.08485992411927486,0.45,1480.9420313245764,0.13577587859083978,0.5625,2961.8840626491537
727.4619168225828,55238.1386138672,0.43266311195495805,26359.244926453175,0.15237846264838747,0.2845030115338919,0,False,False,False,True,False,0.17487978820200942,0.45,2074.36462645636,0.2798076611232151,0.5625,4148.729252912721
625.4367527123156,86786.7089283999,0.4424436366672456,7740.664260191599,0.10353812863694072,0.38692950584628516,1,False,False,False,False,True,0.4270731263201401,0.45,1487.6233584275703,0.6833170021122242,0.5625,2975.2467168551407
764.1676586561659,122050.61241187585,0.37664762664350215,36030.74721490244,0.07942218860796817,0.16090855353386238,0,False,False,True,False,False,0.032591810276371515,0.45,528.4382748048008,0.052146896442194425,0.5625,1056.8765496096016
595.8889362324632,108635.50115387444,0.16283941047234196,16982.27097353207,0.07211327512375197,0.29616477512320805,0,False,False,False,False,True,0.36796004408266375,0.45,2811.958729220071,0.5887360705322621,0.5625,5623.917458440142
715.2114256280162,114829.66566598492,0.4960117838761315,47479.57331461055,0.08067397678436139,0.290024073176244,0,False,False,False,False,True,0.06631342260981625,0.45,1416.8398547454856,0.106101476175706,0.5625,2833.679709490971
811.4273375485988,62219.60808922037,0.16243855283775743,37960.57678857578,0.0964135734552563,0.061842297508674045,0,True,False,False,False,False,0.030935465402317883,0.45,528.4476494527578,0.049496744643708616,0.5625,1056.8952989055158
620.5678204921587,50259.87949353548,0.33631625582868396,19632.137252094988,0.04457561554073466,0.3241336658720095,1,False,False,False,False,True,0.4654131873776693,0.45,4111.675008090033,0.7446610998042709,0.5625,8223.350016180066
646.0221362238337,71855.32699750879,0.20948689799767703,40372.19634082135,0.11342965084006616,0.30100994695230254,0,False,True,False,False,False,0.21825516581840732,0.45,3965.148183068667,0.3492082653094517,0.5625,7930.296366137334
685.9790819052585,76393.12280721737,0.2923033984088409,25814.26612632884,0.10146143946323732,0.21985606656015014,0,False,False,False,False,True,0.16814168633052096,0.45,1953.2044070395991,0.26902669812883356,0.5625,3906.4088140791987
649.791460753028,102354.78796177372,0.33945148923641766,35233.284101466634,0.10154557177123803,0.3447231181186311,0,False,True,False,False,False,0.18883069499176663,0.45,2993.9064856750383,0.3021291119868266,0.5625,5987.812971350077
586.960194136032,32688.384257129517,0.3385628658540328,30816.793807533697,0.09315427216429183,0.503608931786611,0,False,False,True,False,False,0.6155781084692663,0.45,8536.564638508047,0.9849249735508261,0.5625,17073.12927701609
684.1137784883616,113238.75798651534,0.35063049050823414,14843.720140109517,0.0805884997308197,0.22717028232882225,1,False,True,False,False,False,0.14465090891549257,0.45,966.2209244793199,0.23144145426478813,0.5625,1932.44184895864
616.2617771764337,71049.80253552526,0.49364535228703765,17277.402012190458,0.1001858370790046,0.49870678796174134,0,False,False,True,False,False,0.49273616506947376,0.45,3830.9403644326508,0.7883778641111581,0.5625,7661.880728865302
708.4155458381109,64327.9732513145,0.3544241161816776,37359.52981097394,0.09775442401224134,0.2532720733517282,0,False,False,True,False,False,0.13042008936169985,0.45,2192.59494740624,0.20867214297871978,0.5625,4385.18989481248
624.8345459459719,49697.39061849581,0.27070120376512213,20982.69601472151,0.0693787786717693,0.3092497433736149,0,False,True,False,False,False,0.421763619683178,0.45,3982.382019846332,0.6748217914930849,0.5625,7964.7640396926645
772.9960643010523,33628.58320335575,0.4156904601946029,20156.21844109604,0.06279194681309297,0.14794676833877288,0,False,False,False,True,False,0.12205886639165459,0.45,1107.1103281482356,0.19529418622664735,0.5625,2214.220656296471
633.0048024598258,95579.26459904786,0.44273645867095685,13538.529047807764,0.0830556888578596,0.41613634700920743,1,False,False,False,False,False,0.45315419111596633,0.45,2760.7685308017035,0.7250467057855462,0.5625,5521.537061603408
660.6763090276595,76832.94917971009,0.1526870621835609,30083.188787121533,0.12647060454485562,0.2236012806205036,0,False,False,False,False,True,0.19508408867147778,0.45,2640.9381609904303,0.31213454187436446,0.5625,5281.876321980861
728.8110330421802,42750.97750647365,0.37168800838198296,49750.29903091774,0.042826787730382974,0.19577595793712183,0,True,False,False,False,False,0.12914889652362466,0.45,2891.3382997035205,0.20663823443779947,0.5625,5782.676599407042
606.1481410139627,42623.030698409595,0.3841407290773078,12189.605028948725,0.0359742420274268,0.4082243214116935,0,False,False,False,False,False,0.6851287959708289,0.45,3758.1522375796203,1.0,0.5625,6856.652828783657
693.6475960762477,66605.3825177468,0.26429237959680096,25290.6334800731,0.08494282523709551,0.1872452419866804,0,False,False,False,False,True,0.16289755616426063,0.45,1853.902074487472,0.260636089862817,0.5625,3707.804148974944
758.4285652569457,116725.53813223483,0.46508481759739434,41946.64666498515,0.08152663105568055,0.18884581744443021,0,False,False,False,False,True,0.03591949929724843,0.45,678.016145432188,0.057471198875597485,0.5625,1356.032290864376
583.5510059263263,68510.21621590988,0.28199332955609674,24044.303305051417,0.08520024993111225,0.45400962415671486,1,False,False,True,False,False,0.5423201106717206,0.45,5867.869153238956,0.867712177074753,0.5625,11735.738306477913
691.0780315119382,37421.426172047344,0.3150691744165851,30428.46155499681,0.08731859593725501,0.22151369635622212,0,False,False,False,False,True,0.21467463155055191,0.45,2939.4984478360834,0.3434794104808831,0.5625,5878.996895672167
695.5929676549055,68856.4233978514,0.27923138108593565,12251.277662237444,0.07330393236095585,0.16862177451171856,0,True,False,False,False,False,0.2423402509189388,0.45,1336.0399662348955,0.3877444014703021,0.5625,2672.079932469791
726.9093723066386,68181.91075630825,0.3018694857097761,30139.68516649178,0.12469590315806246,0.1766900826549738,0,False,False,False,False,True,0.0991114430064341,0.45,1344.2344598747777,0.15857830881029455,0.5625,2688.4689197495554
605.7829573473151,20000.0,0.16844698957257578,22754.268819945413,0.031972880645704534,0.27622780899166244,1,False,True,False,False,False,0.5418604371537172,0.45,5548.337122449969,0.8669766994459476,0.5625,11096.674244899938
600.7726032149434,73642.62833705469,0.12719389408868467,36828.75994815835,0.05514508925659262,0.3416345824166099,1,False,False,False,False,False,0.4573702339053385,0.45,7579.970348369737,0.7317923742485416,0.5625,15159.940696739473
711.3164939370139,69226.63674478306,0.49134060758699666,39248.63261877701,0.07690235719552858,0.28666844493398264,1,False,True,False,False,False,0.12260967248299995,0.45,2165.517895857227,0.19617547597279994,0.5625,4331.035791714455
697.8190803939912,92405.15912033546,0.19836463820180064,56074.76370422336,0.030704335665374994,0.1810249778632704,0,True,False,False,False,False,0.09309007122590515,0.45,2349.0016862408793,0.14894411396144824,0.5625,4698.003372481759
695.0295710207527,121223.90237363362,0.18103291806524313,31955.598078562907,0.07472436786703787,0.1605711827424149,0,False,False,False,False,True,0.07724329663550118,0.45,1110.7600836962788,0.1235892746168019,0.5625,2221.5201673925576
700.7868925698185,103164.12573869394,0.05,28909.555798986,0.12984410497184054,0.13190249650209834,0,True,False,False,False,False,0.10755429677099176,0.45,1399.2061247647587,0.17208687483358684,0.5625,2798.412249529518
639.1985167052906,68277.78273612924,0.2233245902772597,27332.611618928033,0.08062659464887885,0.2955732227642305,0,False,False,True,False,False,0.3041955737859554,0.45,3741.5067635198184,0.4867129180575287,0.5625,7483.013527039637
693.9352218296602,47336.85228145825,0.14122922479110017,20762.00448627174,0.0869210271715605,0.14580417332594253,0,False,True,False,False,False,0.18074483143015216,0.45,1688.6812504604618,0.28919173028824346,0.5625,3377.3625009209236
697.5843483979208,139333.9950812465,0.49704181921636426,29061.806121540292,0.0421950570448226,0.27567137534592323,1,False,True,False,False,False,0.08486819505211816,0.45,1109.8903637203755,0.13578911208338906,0.5625,2219.780727440751
637.138914918418,76480.4608503622,0.4211780507211161,21455.183078331647,0.06150915775881568,0.4086945369321579,1,False,False,False,True,False,0.4193506447721704,0.45,4048.7601859215015,0.6709610316354726,0.5625,8097.520371843003
791.9464706686854,75348.23229782365,0.21742195857867314,27021.53171523537,0.06874410859028189,0.06917304236224342,0,False,False,False,False,True,0.03309307841990525,0.45,402.4015506352084,0.0529489254718484,0.5625,804.8031012704168
708.4299752547073,74396.87282224992,0.570292296641317,40811.17042729552,0.07046854709731298,0.356852475874712,1,False,False,True,False,False,0.13642563534205684,0.45,2505.460434568539,0.21828101654729096,0.5625,5010.920869137078
608.5217901678411,79952.11901919638,0.4178118584389913,12921.489216644306,0.11844931385011306,0.44865032666696125,1,False,True,False,False,False,0.47792147444763144,0.45,2778.9557303150177,0.7646743591162104,0.5625,5557.911460630035
719.3932165180298,71390.98970190143,0.2610202339789653,38678.542733548544,0.09673073182175373,0.18028704374457072,0,False,True,False,False,False,0.08687790556654704,0.45,1512.1398523755981,0.13900464890647526,0.5625,3024.2797047511963
621.5190997863607,60658.449827994096,0.05,40805.380808078386,0.046656261291889045,0.25121017338396795,0,False,False,True,False,False,0.29186088917169745,0.45,5359.272626535964,0.4669774226747159,0.5625,10718.545253071929
727.2250762245471,61328.526468990196,0.574913108710889,23583.177676107054,0.08739514335296014,0.26562177631386086,0,True,False,False,False,False,0.19461371583257764,0.45,2065.3244274091894,0.31138194533212427,0.5625,4130.648854818379
749.5157347404443,74181.16824460003,0.13325130398836849,3000.0,0.09494665245490355,0.0739739658739285,0,True,False,False,False,False,0.11427616205290732,0.45,154.27281877142488,0.18284185928465171,0.5625,308.54563754284976
630.7590608988974,61414.38072165588,0.10255215036517298,17706.13615486681,0.11420447115563799,0.2259127976520252,0,False,False,False,False,True,0.34942249962785776,0.45,2784.1150592931363,0.5590759994045724,0.5625,5568.2301185862725
737.8025677546593,57178.855433070894,0.4227084518411568,40563.93455873331,0.1274162205970512,0.2722242993928608,0,False,False,False,True,False,0.11983808220790283,0.45,2187.496855946463,0.19174093153264454,0.5625,4374.993711892926
704.7668556161899,77660.75569229742,0.5927702887607127,24725.583252413413,0.049547174245163944,0.30579646139573413,0,False,True,False,False,False,0.1656708684417827,0.45,1843.3389825706176,0.26507338950685233,0.5625,3686.6779651412353
729.3236095996695,68625.56956447862,0.46611273822126215,13008.37321246107,0.055674274663689856,0.21740596179745883,1,False,False,False,True,False,0.18149504161100694,0.45,1062.4298568692084,0.29039206657761113,0.5625,2124.859713738417
793.8075789592368,112599.8247145672,0.36766909440628315,18942.70094526139,0.04227266423256151,0.08450470191477114,0,True,False,False,False,False,0.03865122673877078,0.45,329.47138317601144,0.061841962782033244,0.5625,658.9427663520229
665.2767130398278,20000.0,0.3713705209998343,35087.440318054636,0.07297940422679057,0.30268845574786934,1,True,False,False,False,False,0.4033134986228675,0.45,6368.057240578053,0.645301597796588,0.5625,12736.114481156108
634.7758301385506,102287.67129806154,0.4024098670536369,31560.802818416552,0.09399075123339003,0.4392630777102418,0,False,False,False,False,False,0.3468352400276784,0.45,4925.879379446281,0.5549363840442855,0.5625,9851.758758892562
626.6291342224686,106152.12981244073,0.3910714307744118,22132.814809963667,0.10962003549767306,0.3921164407800095,0,False,False,False,False,True,0.30459796861637006,0.45,3033.7246938947596,0.48735674978619214,0.5625,6067.44938778952
631.0513829020737,23165.244189796264,0.3337429708763251,20598.107058223744,0.07772146929072432,0.36888319121816326,1,False,False,False,False,False,0.6041763423734772,0.45,5600.200042014717,0.9666821477975636,0.5625,11200.400084029434
675.3738974351537,66432.81014799129,0.3125041324742251,20298.90221147414,0.07040457430235468,0.25763907063926667,0,False,False,False,False,False,0.3128497543237294,0.45,2857.7279564554915,0.5005596069179671,0.5625,5715.455912910983
700.4691184889986,65713.97835010522,0.2924888246520573,13931.07778601797,0.0845527397674622,0.2009286893186194,0,False,False,False,False,False,0.25245349229733427,0.45,1582.6271573457234,0.40392558767573483,0.5625,3165.254314691447
696.6014479598011,39812.20763205447,0.20952424933599884,44384.5082736333,0.05494571295109931,0.17747901277369912,0,False,False,False,False,True,0.14552950062257608,0.45,2906.664895998203,0.23284720099612174,0.5625,5813.329791996406
729.6309949421615,55554.582810228116,0.2663189907759871,21132.154369463922,0.1426861616508432,0.1556269707907128,0,False,False,False,False,True,0.12036489598703871,0.45,1144.6063031981569,0.19258383357926195,0.5625,2289.2126063963137
680.7801135126745,47235.60386335428,0.09684518229655374,39605.90224990596,0.031770169186458246,0.16461013649762793,0,False,False,True,False,False,0.1671195026139575,0.45,2978.5134080615867,0.26739120418233203,0.5625,5957.026816123173
767.212044629439,118806.76108559057,0.28819924478463,43255.792623069414,0.08554221736687173,0.1528477948859258,0,False,False,False,True,False,0.03357917002198583,0.45,653.6221267166137,0.05372667203517733,0.5625,1307.2442534332274
664.1205900057226,98391.95982868652,0.18136906714188988,36979.73077777553,0.1407081865768892,0.3003017507363938,0,False,False,False,True,False,0.18384170407835654,0.45,3059.2875251452956,0.2941467265253705,0.5625,6118.575050290592
843.2101499953772,106788.87737485397,0.16756928193410744,19820.556247383418,0.08020399533679994,0.04211350782420476,0,False,False,True,False,False,0.011866392103769628,0.45,105.83932146582256,0.018986227366031408,0.5625,211.67864293164513
717.5400408659003,93041.80160108088,0.3215872981384174,29844.761084039314,0.07429882894995517,0.19780213712900063,0,False,False,True,False,False,0.09248816366858538,0.45,1242.129216505705,0.1479810618697366,0.5625,2484.25843301141
628.5705466150231,46773.705719569276,0.4670402743613519,24709.652723309006,0.06927663731568719,0.41503762720585635,1,True,False,False,False,False,0.5404060200271308,0.45,6008.960288005188,0.8646496320434093,0.5625,12017.920576010376
615.7464501163332,61886.993343005655,0.41019799272027757,14155.577671238461,0.07458824954712777,0.4337299463505614,1,False,False,False,False,False,0.6027438035165535,0.45,3839.4840269413207,0.9643900856264858,0.5625,7678.9680538826415
708.9483449145911,87234.36403069795,0.1115399275652187,28892.311380659237,0.1211854542402959,0.15340328381050225,0,False,False,True,False,False,0.09306380715683697,0.45,1209.9728225902309,0.14890209145093916,0.5625,2419.9456451804617
666.5922328804489,44446.80477770136,0.1812446236115595,10851.52250608237,0.02,0.15521176912752707,0,False,True,False,False,False,0.29718844547881673,0.45,1451.2261970974562,0.4755015127661068,0.5625,2902.4523941949124
722.8400296455255,92824.96075430971,0.4128925425585859,39252.15266153876,0.12600301103888978,0.2940824282946161,0,False,False,False,True,False,0.10441881315345657,0.45,1844.398437586276,0.16707010104553052,0.5625,3688.796875172552
708.3942574744127,68991.86504604663,0.18210151277540285,19424.592432419282,0.03728128542649565,0.1332412814874447,0,False,False,True,False,False,0.13508858816708746,0.45,1180.8183453374754,0.21614174106733997,0.5625,2361.636690674951
675.6302652405876,65629.47981126007,0.27304402200035705,27413.915870474073,0.07200043012296756,0.2255603214600883,0,False,True,False,False,False,0.19740010640013697,0.45,2435.1794593541936,0.31584017024021915,0.5625,4870.358918708386
629.1923769158957,92773.9992050873,0.3660062518829462,28399.454458553704,0.06712266739104014,0.36782811131769527,0,False,True,False,False,False,0.2905361243598688,0.45,3712.980344545256,0.4648577989757901,0.5625,7425.960689090512
589.1091665188482,86106.582787151,0.18379866541636375,21893.14031555107,0.09765659809312159,0.36130748093264375,1,False,True,False,False,False,0.43509480736749634,0.45,4286.516250718917,0.6961516917879942,0.5625,8573.032501437836
653.2091028759787,65975.845854523,0.3126450607375152,32040.325617703296,0.03205626944348758,0.2662160753308704,0,True,False,False,False,False,0.32152855382413453,0.45,4635.84580196153,0.5144456861186153,0.5625,9271.691603923062
731.3839276594083,103983.2450841062,0.13991694060981547,19301.156120529708,0.09386517998245829,0.10252856738880198,0,True,False,False,False,False,0.08599147836384803,0.45,746.8807270211025,0.13758636538215685,0.5625,1493.7614540422048
692.8456246478122,47973.41681000256,0.22783588272585434,35455.56756948693,0.14072928869860557,0.2258100674653885,0,False,True,False,False,False,0.1631716174062059,0.45,2603.404037865691,0.26107458784992943,0.5625,5206.808075731382
605.2556732772807,90398.39017360659,0.3383738320971044,8848.243837039017,0.03910477986221569,0.3360771124456544,0,True,False,False,False,False,0.5383953420953026,0.45,2143.7339704133738,0.8614325473524842,0.5625,4287.4679408267475
690.3908555510709,89827.5314492096,0.10884075197619968,26516.55495455694,0.08569118502831187,0.1666486593191821,0,False,False,False,False,False,0.16699726721298372,0.45,1992.6864959912607,0.267195627540774,0.5625,3985.372991982522
703.1190427837302,67261.33901715024,0.35285696855524784,48267.14798869942,0.06014053466610173,0.2430638159971485,0,False,True,False,False,False,0.10693049117877973,0.45,2322.553429003716,0.1710887858860476,0.5625,4645.106858007432
626.968553827932,83153.32555605295,0.2976434641287982,12996.024104733104,0.09277661618579107,0.3503987802847261,1,False,False,False,False,False,0.47590901194670054,0.45,2783.216245913566,0.7614544191147209,0.5625,5566.432491827132
689.2235063567317,43722.16059036742,0.36629879453005776,16867.06035370178,0.08057443332247256,0.25614657367647753,0,False,False,False,False,False,0.3474498534554943,0.45,2637.2059416533975,0.5559197655287909,0.5625,5274.411883306795
683.49252310676,98100.67548017252,0.32686969608775934,31166.89419590698,0.06075539272867071,0.23616594043016131,0,False,True,False,False,False,0.1298652762123184,0.45,1821.3737955442032,0.20778444193970944,0.5625,3642.747591088407
611.4217821301626,70377.44658892528,0.4636968515968613,27154.981383275175,0.09463616854613222,0.5375498238070388,1,False,False,False,True,False,0.5280061142821768,0.45,6452.0982916145895,0.8448097828514829,0.5625,12904.196583229179
701.467241620897,61931.924487024015,0.31502694031774886,29207.56119128271,0.1341304432936023,0.2345781861797796,1,False,True,False,False,False,0.15029204223261589,0.45,1975.3488090323883,0.24046726757218542,0.5625,3950.6976180647766
713.6470715820941,101225.23064592223,0.24847133506496963,30870.24556177196,0.07427288624818104,0.16331439064506917,0,False,True,False,False,False,0.0766234905838764,0.45,1064.4236865559735,0.12259758493420224,0.5625,2128.847373111947
744.9830745905166,57391.40773643102,0.31467570036387404,32616.65762274124,0.10159273826444545,0.15287901020313432,1,True,False,False,False,False,0.11067626083506851,0.45,1624.4503679801858,0.17708201733610962,0.5625,3248.9007359603715
743.2281231220942,39788.46759091101,0.36519576348436655,38316.398103474676,0.041201811263865094,0.1594236842513088,0,False,True,False,False,False,0.09337221207671421,0.45,1609.9590823800515,0.14939553932274274,0.5625,3219.9181647601026
597.3398379225746,36084.27066190241,0.3058632084390845,29917.82388314215,0.051306908695459744,0.4487700605226466,1,False,False,False,True,False,0.6201441817780895,0.45,8349.013985666477,0.9922306908449432,0.5625,16698.027971332955
623.7304976050926,90150.24878364099,0.3048710029444659,22104.90814457749,0.09417218833641132,0.3426376706124077,1,True,False,False,False,False,0.40753473161690984,0.45,4053.833013652574,0.6520555705870558,0.5625,8107.666027305148
710.9021160325196,42989.266187592926,0.21576099746318933,33070.884414432774,0.12452348085607895,0.17288181531529265,0,False,False,False,False,True,0.14042945227525597,0.45,2089.856783059692,0.22468712364040955,0.5625,4179.713566119383
710.8271570547325,118869.85454960911,0.2204518898938862,47798.58321874258,0.0906684004635698,0.18136142654138457,0,False,False,False,False,True,0.05114823482834151,0.45,1100.165921520421,0.08183717572534642,0.5625,2200.331843040842
710.9028611783629,22951.76480290695,0.13168736738403677,23408.395043409117,0.07060825908430537,0.13777415325477574,0,False,False,False,False,False,0.24884330950305708,0.45,2621.260121740597,0.39814929520489134,0.5625,5242.520243481194
850.0,117411.40920725095,0.5099492091824327,13305.648343952302,0.07997874216270062,0.08689627896860891,0,False,False,False,False,False,0.022107411631615854,0.45,132.3690502343766,0.035371858610585366,0.5625,264.7381004687532
714.2534306415901,80275.43668006545,0.15073641175304578,38284.96803144367,0.042487767980908475,0.15376387356015245,0,False,False,False,True,False,0.10268684499404403,0.45,1769.1131600310541,0.16429895199047045,0.5625,3538.2263200621087
748.133938410836,72582.17220324019,0.2168513762644911,23555.42603255682,0.098135459790661,0.1235482048000474,0,False,False,True,False,False,0.07338447529377175,0.45,777.8711608741952,0.11741516047003481,0.5625,1555.7423217483909
737.2401058095921,61377.02282977626,0.2137911281316963,3000.0,0.10646999186970227,0.10078675485852782,0,False,False,False,False,True,0.12553955233703215,0.45,169.4783956549934,0.20086328373925144,0.5625,338.9567913099868
719.0834750783479,84978.40285880177,0.4073909252333329,35169.06012580506,0.06643729001500759,0.24576003770104057,0,False,False,False,False,False,0.13764891265719403,0.45,2178.4422984716457,0.22023826025151047,0.5625,4356.884596943291
661.0838453215792,74059.1324393788,0.2646060386049567,18576.06176855293,0.06589873556721496,0.2199656546431661,1,False,False,False,False,True,0.24971249507089266,0.45,2087.403629767367,0.3995399921134283,0.5625,4174.807259534734
725.538153229596,102582.54705041305,0.44972904872084807,23913.60061235007,0.08797634688956145,0.25388584703111744,0,False,False,False,True,False,0.11725090630057822,0.45,1261.7511051186486,0.18760145008092516,0.5625,2523.5022102372973
633.6304871277457,77855.69121655099,0.21918112509073576,28983.763966828177,0.06689840791878214,0.3212966728540408,0,False,False,False,True,False,0.348018111297833,0.45,4539.093657316978,0.5568289780765329,0.5625,9078.187314633959
665.7908835955994,78757.54403654694,0.3334792994668562,27285.9961573488,0.07801602156122533,0.29581589276208814,0,False,False,True,False,False,0.22317069720977892,0.45,2740.2456539244963,0.3570731155356463,0.5625,5480.491307848993
650.8781871302538,65909.6946946536,0.19975835360882913,33513.42180566848,0.14299165367499547,0.3110367608904631,1,False,False,True,False,False,0.2511647221374876,0.45,3787.8251740637133,0.40186355541998015,0.5625,7575.650348127427
684.9124483631794,73576.35940697331,0.5574178953328066,19774.16355316188,0.0725892289776201,0.32737747553229435,0,True,False,False,False,False,0.29943016794027283,0.45,2664.441501120758,0.47908826870443655,0.5625,5328.883002241516
818.8795140004105,82695.04422230148,0.15748818971645845,31157.26957811299,0.06924979543936333,0.06147074923641236,0,False,False,False,True,False,0.02381897375950127,0.45,333.96038392445126,0.03811035801520204,0.5625,667.9207678489025
567.9640884444951,32245.790183584366,0.3371784852272433,21885.439868992995,0.06057374583094522,0.5159648124998364,1,False,False,False,False,False,0.7848049588509857,0.45,7729.110781119346,1.0,0.5625,12310.55992630856
721.1756114224709,41295.36444735718,0.3760532257118518,33865.72577065004,0.1023257591449981,0.2098236860740641,0,False,False,False,False,True,0.1414938411827492,0.45,2156.3062306789025,0.22639014589239875,0.5625,4312.612461357805
583.2370477286208,93581.60235056787,0.34965589169417977,32384.40980815664,0.07456327480345691,0.4848304505083238,0,False,True,False,False,False,0.4360670172995116,0.45,6354.797846421562,0.6977072276792186,0.5625,12709.595692843124
651.684088052634,79271.63595319855,0.277765480934675,13774.735575464858,0.06051880885035722,0.25862577427936184,1,False,False,True,False,False,0.29519692966259836,0.45,1829.816841956126,0.4723150874601574,0.5625,3659.633683912252
745.337035818042,70400.41659118302,0.28442151603198884,38031.785394100385,0.11963912096819036,0.16069293090780912,0,False,True,False,False,False,0.06254794599073654,0.45,1070.4645264426633,0.10007671358517847,0.5625,2140.9290528853267
683.8568011457278,75460.84832663483,0.30525737663749314,18568.438658631425,0.12258809013540911,0.2646426953973502,0,False,False,False,False,False,0.27219120414413905,0.45,2274.3745549062614,0.4355059266306225,0.5625,4548.749109812523
615.3353133242416,83689.54263404178,0.28235975980458133,34696.69357937374,0.06198729302783885,0.3859129378169997,1,False,False,True,False,False,0.33400346163303285,0.45,5214.967093229155,0.5344055386128526,0.5625,10429.93418645831
637.081777444402,61506.007992265964,0.41566549401538916,29407.44776081609,0.024003801459181517,0.3507900746645709,0,False,True,False,False,False,0.34463065513932906,0.45,4560.6185945035395,0.5514090482229265,0.5625,9121.237189007079
720.7758649360806,55542.38186494218,0.5652627601909621,47058.204121541465,0.11022541069510766,0.3791062471524949,1,False,False,False,False,False,0.1761745225861696,0.45,3730.705490193789,0.2818792361378714,0.5625,7461.410980387579
636.1780020969718,79896.13137744204,0.23310098579905994,22318.408211537775,0.059461105227199884,0.25398695889168327,1,False,False,False,False,True,0.2950018049749396,0.45,2962.7868179570205,0.4720028879599034,0.5625,5925.573635914043
692.9875153749185,50540.6805596242,0.13562364245051062,20808.19844658163,0.10371876797488307,0.17199158598927453,0,False,False,False,False,False,0.2546865455221867,0.45,2384.8056814050037,0.4074984728354988,0.5625,4769.611362810007
682.7343103942288,85206.31889286179,0.28940615419784943,24766.964729347208,0.020896885468644932,0.18641615600756214,0,True,False,False,False,False,0.20784797403021987,0.45,2316.4935488427286,0.3325567584483518,0.5625,4632.987097685457
640.903979143651,32435.40989405399,0.6095651205185182,21361.8426059887,0.10677792014897929,0.5246862110369561,1,False,False,True,False,False,0.519126422469728,0.45,4990.273618233746,0.8306022759515648,0.5625,9980.547236467492
808.6366453595195,100728.8909331411,0.2035590518436323,34599.3028233046,0.043664842121576564,0.0723941599083741,0,False,False,False,True,False,0.02249677032900893,0.45,350.26765612187125,0.03599483252641429,0.5625,700.5353122437425
718.0351413390807,86814.93706032608,0.49669401665328805,5604.272698760945,0.10192292357199574,0.21809459551342264,0,False,False,False,False,True,0.15919602468860808,0.45,401.4800707111378,0.25471363950177295,0.5625,802.9601414222758
558.4914448005436,81400.74335784689,0.5013240976891729,12355.810970243749,0.08042819203509302,0.5946539473563388,1,False,True,False,False,False,0.6840805443284331,0.45,3803.5664523646064,1.0,0.5625,6950.143670762109
691.1872588861656,99567.27459863784,0.23356941099504064,12186.364941049684,0.051381817418100655,0.16771065335282273,0,False,False,True,False,False,0.1482632570325316,0.45,813.0555708961865,0.23722121125205056,0.5625,1626.111141792373
640.2928121138967,116636.86111156442,0.368277969502233,36403.69110368291,0.06778891061219659,0.40979097177943935,1,False,False,False,True,False,0.24346172663156065,0.45,3988.3074713390815,0.3895387626104971,0.5625,7976.614942678163
731.1460000877735,100359.25162545327,0.49540759477542456,45527.360470983105,0.10058955370870103,0.3066349346828841,0,False,False,False,False,False,0.09400687375570345,0.45,1925.9481727017505,0.15041099800912552,0.5625,3851.896345403501
632.4487556940379,28978.144216708868,0.25450467108150154,23746.609377550343,0.08317683359345703,0.3427125743247482,1,False,False,False,True,False,0.5185614220343561,0.45,5541.333987292596,0.8296982752549698,0.5625,11082.667974585192
673.1158135119861,43010.575831607464,0.2755703567877166,22974.13932171987,0.09753238941417453,0.25542330350088,1,False,False,True,False,False,0.2802880606614967,0.45,2897.7196301333533,0.44846089705839476,0.5625,5795.439260266707
710.2992367388274,59379.535557608026,0.23019829032616274,25840.625957358177,0.13929321753546456,0.1976240572607754,0,False,False,True,False,False,0.14208450965626743,0.45,1652.198700763014,0.22733521545002788,0.5625,3304.397401526027
731.9453116502073,75652.27625527084,0.17822919231685597,38942.539631298285,0.033072751648668464,0.11252184918805709,0,True,False,False,False,False,0.08619053422842289,0.45,1510.4152327649083,0.13790485476547662,0.5625,3020.8304655298166
607.9822155766534,87941.47551172807,0.22208669459207914,13871.76238971311,0.1285163772490587,0.33618572057157264,0,True,False,False,False,False,0.4900201276689346,0.45,3058.8492497401544,0.7840322042702954,0.5625,6117.69849948031
659.9299258495431,56856.404671163364,0.1531271679885292,27860.427792817423,0.08313067812569638,0.24259862057917303,0,False,False,False,True,False,0.2987420266980642,0.45,3745.386298575609,0.47798724271690274,0.5625,7490.772597151218
651.5032813303426,79669.16911192695,0.3040900161911071,36702.37155738915,0.05303647855030616,0.3254856399413126,1,False,False,False,False,False,0.29973860579128064,0.45,4950.50295593042,0.47958176926604906,0.5625,9901.00591186084
640.8002460455773,56115.42669116693,0.20760321227296302,31013.13003927814,0.04009059122783031,0.2872881759082774,0,False,False,False,True,False,0.36552861794976654,0.45,5101.283952699178,0.5848457887196264,0.5625,10202.567905398355
785.9272544168658,59712.05492520129,0.3280543094148897,27274.979399184922,0.074326388276689,0.10973920000511604,0,False,False,True,False,False,0.05028675563013651,0.45,617.2066007387189,0.08045880900821842,0.5625,1234.4132014774377
704.2989026576573,39833.47257879444,0.11329252245556472,37012.5531108057,0.10764950335773378,0.16566273929705147,0,False,False,True,False,False,0.14102936694765686,0.45,2348.935620450055,0.22564698711625097,0.5625,4697.87124090011
604.3469627398973,51919.16884722739,0.3397056278657348,3000.0,0.07617352638867397,0.35762553190944746,0,False,True,False,False,False,0.589296981579802,0.45,795.5509251327327,0.9428751705276833,0.5625,1591.1018502654654
735.0717168232866,41207.88485959166,0.4000234753930709,33134.503834370895,0.12533464790742044,0.21026820626752388,0,True,False,False,False,False,0.1607539262302554,0.45,2396.925713279958,0.2572062819684086,0.5625,4793.851426559916
807.329371820758,50603.16867556668,0.06075172289142535,17151.091802470914,0.036464729298453236,0.03589821490543814,0,False,True,False,False,False,0.03276963245338169,0.45,252.91573854353084,0.05243141192541071,0.5625,505.83147708706167
741.9479156330688,101341.04491519599,0.34488678838170866,3032.405237722517,0.07963733156461837,0.12046584403728872,0,False,False,False,False,True,0.08826715501267865,0.45,120.44780243069044,0.14122744802028583,0.5625,240.89560486138083
588.8378020427592,51265.027779201424,0.44732027909679506,31134.43119429977,0.04242819666760643,0.5296032314393514,1,False,False,True,False,False,0.5807435262783157,0.45,8136.503712201259,0.9291896420453052,0.5625,16273.007424402518
650.9459556280249,140809.55162093477,0.15484307775705533,41483.90254195549,0.09090895647874904,0.25260138576437857,0,False,True,False,False,False,0.098165772412894,0.45,1832.534701079525,0.1570652358606304,0.5625,3665.06940215905
756.0146689511973,87332.94752202224,0.5007086864205244,23350.6178244677,0.10660662170291901,0.2305782578723069,0,False,False,False,True,False,0.09471712284091928,0.45,995.2665016011599,0.15154739654547086,0.5625,1990.5330032023198
637.5398320628732,79620.90309237185,0.3502822811239254,36434.49456643526,0.0673771461895684,0.3513258811110918,0,True,False,False,False,False,0.33767701290703456,0.45,5536.391081387149,0.5402832206512553,0.5625,11072.782162774298
706.6291656887737,53541.05549546966,0.21539857730899092,44347.33909586375,0.02,0.1539016527492371,1,True,False,False,False,False,0.14603676846570185,0.45,2914.3539412256796,0.23365882954512296,0.5625,5828.707882451359
726.4780432057602,92507.74698522477,0.29330771068107525,40778.97344300857,0.08596844440389484,0.20329666151941828,0,False,False,False,False,False,0.09559639189924447,0.45,1754.2452269280284,0.15295422703879116,0.5625,3508.490453856057
624.384171705315,60609.05434405565,0.36699922950260666,44679.574352456715,0.09310215655200528,0.4874422838768125,1,False,False,False,True,False,0.4059610685948853,0.45,8162.175486819582,0.6495377097518165,0.5625,16324.350973639164
676.428478636292,78050.24536613404,0.3091206469694894,33905.52989286271,0.09212884264885092,0.29399878120446005,0,False,False,False,False,False,0.23895319949418514,0.45,3645.8256818003765,0.3823251191906962,0.5625,7291.651363600753
485.5239595958557,139002.11345671988,0.3646507190935643,25905.203666819114,0.11707346575466462,0.7343214264995903,1,False,True,False,False,False,0.7138548584441087,0.45,8321.649973444333,1.0,0.5625,14571.677062585752
618.5367415199427,72598.50250688376,0.18951916883047604,5776.410257233978,0.047868389610528535,0.22966562594440174,1,False,False,False,False,True,0.42941256623612706,0.45,1116.2084184861883,0.6870601059778033,0.5625,2232.4168369723766
664.8459109164104,103731.8331571419,0.32032329888432937,22047.25014244062,0.10040648316351349,0.31519148607369524,0,False,False,False,True,False,0.2356961481612265,0.45,2338.4033712541377,0.3771138370579624,0.5625,4676.806742508275
605.1330090821091,57420.58937185282,0.13035426037140238,14881.040856205704,0.11577522537433925,0.3364156880250239,0,False,False,False,True,False,0.5524538330125406,0.45,3699.489627102177,0.8839261328200649,0.5625,7398.979254204354
777.9446782358981,74125.28773757596,0.286652872638156,51051.312609973764,0.0266423724798045,0.12759702852185192,0,False,False,False,True,False,0.04002071157927903,0.45,919.3994359683167,0.06403313852684644,0.5625,1838.7988719366333
594.1915173223621,119270.01589088775,0.19153108302422522,22889.37025081196,0.08958955477756932,0.3856996313600357,0,False,False,False,False,False,0.43356038987808254,0.45,4465.765930502618,0.6936966238049321,0.5625,8931.531861005236
653.597330798181,59325.82355530582,0.211736406889228,26478.457681413827,0.06487460506976986,0.23196943758333366,0,False,True,False,False,False,0.2618878199170155,0.45,3120.4735006276887,0.4190205118672248,0.5625,6240.9470012553775
687.8444346371655,120311.21394992321,0.4483311810252525,31617.82451248561,0.07755431980695063,0.34101480193625905,0,False,False,False,True,False,0.14715763728091572,0.45,2093.7619580490014,0.23545221964946517,0.5625,4187.523916098004
766.4763973439669,92693.79838638689,0.43095721447131224,25523.229356469445,0.09043029450615009,0.18081318912109248,0,False,False,False,True,False,0.06909939203593289,0.45,793.637834096571,0.11055902725749263,0.5625,1587.275668193142
593.8482709292336,60938.330602643306,0.37309657450886125,45340.61248516904,0.06538314307659343,0.4909545572570582,1,True,False,False,False,False,0.5257085479334256,0.45,10726.176398395663,0.8411336766934809,0.5625,21452.352796791325
749.7898251292976,90810.19347638803,0.16892246823929052,17528.207659186577,0.059728757625151646,0.08157602437481878,0,False,False,False,False,True,0.058436856643012666,0.45,460.93201118497916,0.09349897062882027,0.5625,921.8640223699584
680.6139836611752,99313.86124066824,0.2620309860366238,27335.28946284691,0.08102457252464074,0.21171214777783748,1,True,False,False,False,False,0.1801580554467914,0.45,2216.10266761575,0.28825288871486626,0.5625,4432.2053352315
621.109480937123,90545.24905542991,0.445571723997502,16090.35297162342,0.04738262183411593,0.38364295372393425,1,True,False,False,False,False,0.4747920115596909,0.45,3437.8069743461406,0.7596672184955056,0.5625,6875.613948692282
707.7262084557963,35744.38200273859,0.31700602963678853,9159.72986535153,0.04742524613344444,0.1479369983465324,0,False,False,False,False,True,0.23197816665921492,0.45,956.1858035660574,0.3711650666547439,0.5625,1912.371607132115
691.9435817344082,56821.570604378285,0.5783195447978032,17658.770909136576,0.1003811984886951,0.3439127817864971,0,False,True,False,False,False,0.2576500073073126,0.45,2047.402104199739,0.41224001169170016,0.5625,4094.8042083994783
643.9869873704723,68812.03411121239,0.34719814072732463,24555.558435419054,0.04553617894524032,0.29531456516589166,1,True,False,False,False,False,0.385628519806237,0.45,4261.1956436097935,0.6170056316899792,0.5625,8522.391287219587
684.1881250994011,73139.16427249885,0.3230458939788038,19848.37330579288,0.09998937502727635,0.2340083163925158,0,False,True,False,False,False,0.19273370812536061,0.45,1721.452764366848,0.308373933000577,0.5625,3442.905528733696
656.8811841882944,90516.80243876694,0.2629060242956998,16690.948241513728,0.09387773878561853,0.24176923489315835,1,True,False,False,False,False,0.2979211078874299,0.45,2237.663606311584,0.4766737726198879,0.5625,4475.327212623168
686.8110407150749,79442.52502333134,0.31602490857387383,8124.190435937994,0.028225798136282104,0.18814194107188995,0,False,False,True,False,False,0.21367351892742706,0.45,781.1659614975385,0.3418776302838833,0.5625,1562.3319229950769
719.7278404712628,41616.39103224747,0.28170361963433477,24002.733128455664,0.05967306042993035,0.145048962540528,0,False,False,False,False,True,0.14989458825779714,0.45,1619.045909708242,0.23983134121247543,0.5625,3238.091819416484
775.1610089687211,84504.94627514908,0.3849730412026308,6943.355511627973,0.11582328209142118,0.11382279921316116,0,True,False,False,False,False,0.08654209004193485,0.45,270.4016240462127,0.13846734406709577,0.5625,540.8032480924254
605.731070070389,90264.64363209558,0.4148042780153501,34120.67156427523,0.050565034065809554,0.48066010668271203,0,False,False,True,False,False,0.38607415513749,0.45,5927.899251105603,0.617718648219984,0.5625,11855.798502211206
807.982002479376,88994.761198276,0.20568126473904605,25989.27703521404,0.06606787213071837,0.06865598080105556,0,False,False,False,False,False,0.03389270287922016,0.45,396.38108007011215,0.054228324606752254,0.5625,792.7621601402243
562.8747320286499,102019.51813886555,0.14025204557306664,7509.382006420833,0.09386182679755689,0.38427596708135087,1,False,False,True,False,False,0.5608957731780528,0.45,1895.391281961347,0.8974332370848845,0.5625,3790.782563922694
670.892894297865,95848.0538637226,0.0796553552276044,21289.49107540164,0.10350171527847786,0.1921049229763121,0,False,False,False,True,False,0.19322774499556752,0.45,1851.1741586714033,0.30916439199290807,0.5625,3702.3483173428067
715.2990323890746,86479.50198071092,0.3609589592295052,15974.123132913002,0.07245383341866513,0.17458274719753808,0,True,False,False,False,False,0.16455324796845983,0.45,1182.8672302360246,0.2632851967495357,0.5625,2365.734460472049
696.859512064102,73245.85721353382,0.16759600725913515,28830.094125030166,0.06207469415925076,0.16450545630222624,0,False,False,True,False,False,0.13161300991092645,0.45,1707.486958714742,0.21058081585748234,0.5625,3414.973917429484
642.6380288107644,33475.97666210023,0.05,41085.40535227773,0.12267109585095523,0.23640105769117797,0,False,True,False,False,False,0.2748865597356947,0.45,5082.221579685355,0.43981849557711156,0.5625,10164.443159370712
667.5126649785635,85740.45547831465,0.3466294325437157,3000.0,0.13216698991392736,0.29275271419622534,0,False,False,False,False,False,0.3698889894202264,0.45,499.3501357173057,0.5918223830723622,0.5625,998.7002714346112
650.41994392047,80192.19217907779,0.5991599420919348,26380.312949769006,0.10936574152345387,0.4764177021660034,0,True,False,False,False,False,0.39363761125135427,0.45,4672.927518124608,0.6298201780021668,0.5625,9345.855036249215
644.6381145833473,81789.47092988434,0.2992714906152128,23078.406453200318,0.08255954427695072,0.3385551238603234,0,False,False,False,True,False,0.34176947762393495,0.45,3549.372713056405,0.5468311641982959,0.5625,7098.74542611281
730.9761258212615,43081.28560449226,0.400618892934197,33056.08091740558,0.05575202835077221,0.20417576556655936,0,False,False,True,False,False,0.12934523901738887,0.45,1924.0410092579875,0.2069523824278222,0.5625,3848.082018515975
701.4209291579028,47973.58648979344,0.3098195230257078,27558.35953885227,0.05508666780330305,0.21436420057395025,1,False,False,False,False,False,0.2460317001475471,0.45,3051.1035227795383,0.3936507202360754,0.5625,6102.2070455590765
638.4254242843607,101328.82133332259,0.2881332416170629,15976.368019134172,0.09567542315797273,0.28964039547586923,0,True,False,False,False,False,0.3435071034464409,0.45,2469.5981558312096,0.5496113655143054,0.5625,4939.196311662419
733.975992525995,74011.12115358362,0.4102891779585322,21171.35277200058,0.09255194662666051,0.21004277254602516,0,False,False,False,False,False,0.15445348400777317,0.45,1471.495138556902,0.2471255744124371,0.5625,2942.9902771138045
698.4379712525965,92037.51743431561,0.26516705469736185,15447.689718358131,0.12204795778839288,0.22255453883818177,0,False,False,False,True,False,0.17990082753334435,0.45,1250.5734737149332,0.287841324053351,0.5625,2501.146947429867
728.7717271303376,75707.95940326148,0.33208707768862833,37912.08566318318,0.09951350277608417,0.2091861280843738,1,False,False,True,False,False,0.08468645633988835,0.45,1444.788084271171,0.13549833014382137,0.5625,2889.576168542342
717.7777305154167,75743.90348739357,0.3386037367435216,25255.739784063306,0.034907590947205455,0.1863372456873061,0,False,False,False,False,False,0.1639038225851331,0.45,1862.7805317705302,0.262246116136213,0.5625,3725.5610635410603
630.2602993446757,98457.09514939995,0.21982914556283414,47814.28822903609,0.11155842853168756,0.39169046419338793,0,False,False,False,False,False,0.27261986962460777,0.45,5865.806260436956,0.4361917913993725,0.5625,11731.612520873914
646.3891375881818,62098.881794565656,0.4190450819443827,24272.07023422455,0.05005818118056762,0.3266483652193097,1,False,False,False,False,True,0.33920744057821844,0.45,3704.9700697587305,0.5427319049251496,0.5625,7409.940139517463
724.8376163073957,77403.01942352459,0.27900482919655095,16499.118797074447,0.06848086184142946,0.1570384962841649,0,False,False,False,False,False,0.15896666231406903,0.45,1180.264430832409,0.25434665970251047,0.5625,2360.528861664818
716.6222159260079,63443.117782373934,0.20931058086085863,6835.427288646074,0.08750600618755083,0.11794110737147481,0,False,False,False,False,True,0.15264506774882117,0.45,469.52741770538444,0.24423210839811388,0.5625,939.0548354107689
678.7459043621511,64137.59431419211,0.3643811812284484,3362.323884928659,0.13987002469351892,0.27422864905429106,0,False,False,True,False,False,0.30327779449594655,0.45,458.87317749099293,0.4852444711935145,0.5625,917.7463549819859
687.0396429985269,67270.69691328402,0.19218384218507553,5990.368683934123,0.17329755668016084,0.18390064493137337,0,True,False,False,False,False,0.28067352879098734,0.45,756.6020627754658,0.44907764606557976,0.5625,1513.2041255509316
756.6598937473055,80553.34429084283,0.30338173888429537,28205.5198121378,0.09820169177408548,0.12881418869591035,0,True,False,False,False,False,0.07802049786900182,0.45,990.2739142786438,0.12483279659040292,0.5625,1980.5478285572876
644.5057166698502,63031.28445841307,0.2989057204026956,31104.700278759206,0.07450410143838837,0.3288847360416765,1,False,False,True,False,False,0.3024451137857621,0.45,4233.35907678661,0.4839121820572194,0.5625,8466.71815357322
712.8258428702022,106393.90313933801,0.43030746789978935,6025.711575614399,0.09603516945441651,0.22198652973476735,0,False,False,True,False,False,0.13748978450562246,0.45,372.81320371091635,0.21998365520899596,0.5625,745.6264074218328
667.8684408539664,52634.8174445124,0.3569637879455943,35740.45976891339,0.10662966277621508,0.3188674664184135,1,False,True,False,False,False,0.2368924667036156,0.45,3809.9905541006524,0.379027946725785,0.5625,7619.981108201306
666.9391278063667,70328.20889596602,0.2969967649505827,19203.267379798726,0.07037997123328425,0.25469500029030284,0,False,False,True,False,False,0.25405919797966475,0.45,2195.4450190953253,0.4064947167674636,0.5625,4390.890038190651
745.9266111192314,64006.72354314563,0.39813195590403444,26761.516143826593,0.13385634067736968,0.21504956521226062,0,False,False,False,False,False,0.13373784537291405,0.45,1610.5623785945209,0.2139805525966625,0.5625,3221.1247571890417
729.5249809392818,111174.44710884332,0.4668249058820776,44346.64753906509,0.08690212277574207,0.24898841640170555,0,True,False,False,False,False,0.07699911386312176,0.45,1536.5936534886905,0.12319858218099483,0.5625,3073.1873069773815
728.8105781600383,79913.86941278937,0.36693723676222345,35762.071790386384,0.09493229267274182,0.23534988323709247,0,False,False,False,True,False,0.1091215580341557,0.45,1756.0858465333308,0.17459449285464912,0.5625,3512.171693066661
758.3287284292597,100796.11348671587,0.3012423143812057,21777.63222513001,0.09997772756163384,0.11999558295809788,0,True,False,False,False,False,0.06794850691106596,0.45,665.8909171901548,0.10871761105770555,0.5625,1331.7818343803096
681.2602304979655,37860.9906740757,0.14257965211798085,14305.69329501655,0.09264759831843367,0.14992958371349419,0,False,False,False,False,True,0.25704422538174476,0.45,1654.738133204857,0.41127076061079165,0.5625,3309.4762664097143
720.9171782776979,81676.25664673148,0.17218636043095528,3000.0,0.10516821501408838,0.10782033661158295,0,True,False,False,False,False,0.16318931340273946,0.45,220.30557309369829,0.26110290144438314,0.5625,440.61114618739657
661.3839946043927,97240.76989058593,0.2633730354774399,16370.16016909096,0.0614824044035923,0.22144617984603052,0,False,True,False,False,False,0.20364517787022723,0.45,1500.1668807293868,0.3258322845923636,0.5625,3000.3337614587736
699.4499811493065,77057.09973188561,0.22685853574088602,22466.437134067666,0.06325094738161909,0.17322571668218056,0,False,False,True,False,False,0.14186807789085185,0.45,1434.2716139696272,0.22698892462536296,0.5625,2868.5432279392544
672.1914167379389,101637.00937663378,0.27756344364174645,13153.845674185795,0.046995373010849155,0.21324402176665155,0,False,False,True,False,False,0.1913040424394186,0.45,1132.372732993201,0.30608646790306976,0.5625,2264.745465986402
685.8197578995631,62067.7887474907,0.30679799098765287,23424.916394892345,0.09318503691860679,0.2214220808724744,0,True,False,False,False,False,0.2575028117728233,0.45,2714.391826752639,0.4120044988365173,0.5625,5428.783653505278
715.7094215262148,110233.6860046395,0.3635631305228077,25922.22259550522,0.10336809510536342,0.2443715678077747,0,False,False,False,True,False,0.11194393448475563,0.45,1305.8260145687198,0.17911029517560903,0.5625,2611.6520291374395
630.9067590059916,132472.45309048126,0.29154014663290906,22301.72821830306,0.09373318598455657,0.3714502172302261,0,False,False,False,True,False,0.2685330775407431,0.45,2694.9382708221697,0.429652924065189,0.5625,5389.876541644339
805.5432365411276,65929.03598900852,0.3583801972591442,17199.969030118482,0.13023477300042613,0.09562776243134125,1,False,True,False,False,False,0.04006403675354363,0.45,310.09508612211556,0.06410245880566981,0.5625,620.1901722442311
619.6389571100178,63862.436964980705,0.3077369297772144,27023.85606360073,0.0798321194351286,0.35039296705050854,0,False,False,False,False,True,0.3965832565869323,0.45,4822.743979457683,0.6345332105390917,0.5625,9645.487958915366
607.1486832327361,111334.61192794252,0.06294401203753544,30303.287794832908,0.10006224966777538,0.270732930789832,0,True,False,False,False,False,0.32133465725158,0.45,4381.873468716879,0.514135451602528,0.5625,8763.74693743376
749.486652410004,114489.3036432678,0.1872797527417495,11915.211070685848,0.047248973715820576,0.08982544519142004,0,False,False,True,False,False,0.05288366532444456,0.45,283.5540155395202,0.08461386451911129,0.5625,567.1080310790403
727.4997616377761,61928.499321168296,0.2827094933134061,41931.18855695524,0.06838700892576798,0.16468821490867955,0,True,False,False,False,False,0.11297950040206758,0.45,2131.8141304933633,0.18076720064330815,0.5625,4263.628260986727
717.4471890231293,64495.329572603565,0.1548366308590671,23816.942412588858,0.10086613272697333,0.13049235417364588,0,False,True,False,False,False,0.10829227898978822,0.45,1160.6359375925065,0.17326764638366116,0.5625,2321.271875185013
717.7007305558568,67955.38477848732,0.3719914475995445,25226.195475338172,0.10547306332229432,0.23534944268252042,1,False,False,False,False,False,0.18556022662187158,0.45,2106.4403471451224,0.2968963625949945,0.5625,4212.880694290244
679.2651936291851,41388.73722414307,0.4836900998812437,33498.57307907869,0.07118099157007453,0.36937523802909505,1,False,False,False,False,False,0.35405297337189695,0.45,5337.1212310636165,0.5664847573950351,0.5625,10674.242462127231
626.1647377108501,52033.70133789504,0.44625142220367797,27798.59357516202,0.077852022444258,0.42935656780208964,0,False,True,False,False,False,0.42936661199876913,0.45,5371.104573764131,0.6869865791980306,0.5625,10742.209147528261
684.5482734916236,49896.4808311983,0.27438685548837505,36437.63960695894,0.03446378759957572,0.22413189588547128,0,False,False,True,False,False,0.18998777649089324,0.45,3115.217758276185,0.3039804423854292,0.5625,6230.435516552371
639.3702973092733,55805.06087239679,0.4788871364219942,28445.489982421892,0.06928912397580173,0.4123733036291481,0,False,True,False,False,False,0.37417440294982046,0.45,4789.608403854514,0.5986790447197128,0.5625,9579.21680770903
738.507184005065,74132.87781533047,0.3178400948642534,17650.751504314747,0.10671149490559359,0.16194464119264465,0,False,False,True,False,False,0.10062666802260514,0.45,799.2613403883803,0.16100266883616823,0.5625,1598.5226807767606
671.1765571098717,80855.36831341301,0.25954968346583523,29338.04230247322,0.097256150483197,0.28338293911648404,0,False,False,False,True,False,0.23024513179875347,0.45,3039.7236374926583,0.36839221087800555,0.5625,6079.447274985317
630.4701681924494,113762.51232035192,0.22639168037508722,11275.285512152059,0.09501997164143629,0.2707324301581879,0,False,True,False,False,False,0.26805918841828946,0.45,1360.09974760739,0.4288947014692632,0.5625,2720.1994952147807
660.7168495008204,50041.14898153023,0.26370363762142457,26302.71646931828,0.0814932106154288,0.27083256307524584,0,False,False,True,False,False,0.2889446997237492,0.45,3420.013730465737,0.46231151955799876,0.5625,6840.027460931476
704.7758872565374,99608.0599619146,0.25341878177505256,24601.24011226647,0.0802118947588453,0.1711407794716244,0,False,True,False,False,False,0.09811772336378942,0.45,1086.2179522836848,0.15698835738206307,0.5625,2172.4359045673696
646.1765268317615,69650.27889436227,0.3204499466850585,22502.597712729523,0.06019036581579659,0.2880151957589357,0,False,True,False,False,False,0.2987756803992811,0.45,3025.4530240674317,0.47804108863884975,0.5625,6050.906048134863
630.6667762660142,73763.40725868917,0.3192688777259837,23457.54986273283,0.10096485260607604,0.37261246599058573,1,False,False,True,False,False,0.35918616141315685,0.45,3791.532281108728,0.574697858261051,0.5625,7583.064562217458
694.6212326895147,91870.48730416509,0.30036552241840975,3000.0,0.0926291883316817,0.19194659709155143,0,False,False,True,False,False,0.1861207169388942,0.45,251.26296786750717,0.29779314710223076,0.5625,502.5259357350144
694.6979942665233,46931.94946094254,0.352432580369562,18415.301107108462,0.09476056543978398,0.21459216732711725,0,False,False,False,False,True,0.22835467520414313,0.45,1892.3490463951125,0.365367480326629,0.5625,3784.6980927902255
649.5834094777322,84560.24365460126,0.44287755297436093,26114.13881369338,0.06421895471997259,0.3578192213785769,0,False,True,False,False,False,0.26851975950944906,0.45,3155.473023322192,0.4296316152151185,0.5625,6310.946046644384
651.7377016629007,79161.3052053264,0.4139464962529588,26918.276703968804,0.02,0.34223997047851534,1,False,False,False,False,False,0.35992730717595567,0.45,4359.880281544538,0.5758836914815291,0.5625,8719.760563089076
693.9229962414581,87311.28160020371,0.12181224378601158,12667.898308888502,0.11291458135261087,0.13952069476897472,1,False,True,False,False,False,0.13717594410913264,0.45,781.9789096801193,0.21948151057461224,0.5625,1563.9578193602385
593.1149395101605,82229.21609769545,0.05,40188.49409037641,0.06563487631974788,0.29789124880863294,0,False,True,False,False,False,0.32246747413407817,0.45,5831.766980359203,0.5159479586145251,0.5625,11663.533960718409
595.5521735374067,136382.50349777236,0.4121183893487128,14605.901821425992,0.054116727078706385,0.4583923020796939,1,False,False,True,False,False,0.37782525586507915,0.45,2483.3153667692254,0.6045204093841267,0.5625,4966.630733538451
636.8933467248538,59056.5003937171,0.13597455619014948,36633.486406320844,0.10080436735741981,0.26693110223826144,0,False,True,False,False,False,0.2673175711703666,0.45,4406.7485743381485,0.42770811387258656,0.5625,8813.497148676297
667.1931708972892,61725.07612495456,0.273028151772878,30126.332342460217,0.06823962080242611,0.23805381945610965,0,True,False,False,False,False,0.28537270831218015,0.45,3868.7548734363145,0.45659633329948823,0.5625,7737.509746872629
698.6544539358803,59421.486839380894,0.15958643687287685,17245.272281874364,0.11179809152139865,0.15062193348406624,0,False,True,False,False,False,0.16314460995107863,0.45,1266.0629489669434,0.2610313759217258,0.5625,2532.125897933887
768.5213730169731,61113.07202099363,0.08376234749039764,46303.730711314136,0.09851017848730093,0.08338340112080111,0,True,False,False,False,False,0.048453505542031955,0.45,1009.6101326868367,0.07752560886725113,0.5625,2019.2202653736733
731.4595773921212,59065.321817337055,0.36497552738457456,10676.35801892224,0.10050707969601433,0.18334125214399444,0,False,False,False,False,False,0.20389854634249607,0.45,979.602246130633,0.32623767414799376,0.5625,1959.2044922612665
670.4036882021944,104725.4132776888,0.3910986192363176,36029.850083320016,0.03902132866398397,0.3102549094732582,0,False,False,True,False,False,0.15302019383900023,0.45,2480.9825896828866,0.24483231014240037,0.5625,4961.965179365773
678.8590275258387,110512.60619974637,0.23081875191279366,37006.98781651574,0.11635831956159201,0.2418802549682734,0,False,True,False,False,False,0.10422823527240263,0.45,1735.7278647882333,0.1667651764358442,0.5625,3471.4557295764666
619.8482381217315,60731.34265626309,0.05,16952.55749108026,0.08783751593701568,0.210744389936915,1,True,False,False,False,False,0.45713509935771146,0.45,3487.3240738735312,0.7314161589723384,0.5625,6974.6481477470625
678.8892118404566,54191.11067239428,0.23445066620970206,41709.58360077195,0.0689216858226139,0.22116252385597318,0,True,False,False,False,False,0.2221736341817428,0.45,4170.0463959558265,0.3554778146907885,0.5625,8340.092791911653
662.6804816647917,86785.3889096601,0.3470164806483056,21999.441824812566,0.08430165402026753,0.2756057801794221,0,True,False,False,False,False,0.28739102821563733,0.45,2845.098992791341,0.4598256451450198,0.5625,5690.197985582682
699.3631136202854,61194.42389297571,0.12253061174710457,28464.323551358284,0.026712943013050404,0.14522890659350945,0,False,False,False,True,False,0.16959319629316302,0.45,2172.310025128924,0.27134911406906087,0.5625,4344.620050257848
630.3661433868606,90823.29544388778,0.32200319037349867,28123.86206525465,0.09225958434442012,0.3451027658373934,1,False,False,False,False,True,0.29061613565973354,0.45,3677.961650954255,0.4649858170555737,0.5625,7355.92330190851
711.1607908544703,80073.07552128249,0.2981628180992405,23388.295102353426,0.04911885475453785,0.1846792062643128,0,False,False,False,False,False,0.17062409362327244,0.45,1795.7729939547037,0.2729985497972359,0.5625,3591.5459879094083
771.9643347801547,37106.397125069205,0.3695149799521306,34729.69927791739,0.03941989142469397,0.12128694332272699,0,False,True,False,False,False,0.06703935889308381,0.45,1047.71554836353,0.1072629742289341,0.5625,2095.43109672706
673.4743910925886,113687.63003325154,0.31434964420969835,34521.864646626556,0.03432922441346327,0.2787514102268986,1,False,False,False,True,False,0.1592939509208785,0.45,2474.6058957226237,0.2548703214734056,0.5625,4949.211791445247
704.1027033259364,119896.94182738804,0.18323172709421334,4017.6163211418307,0.11338065124969776,0.13556444754192068,0,False,True,False,False,False,0.10371861018083585,0.45,187.515711480903,0.16594977628933738,0.5625,375.0314229618061
721.4086395026668,59680.28273789035,0.44358858019973896,40652.08291453783,0.061122098189216344,0.23771866103827677,0,False,True,False,False,False,0.10907104728924752,0.45,1995.284366090085,0.17451367566279605,0.5625,3990.5687321801706
655.9267716868499,65307.4610016004,0.28097645123676357,5050.096143571908,0.12601183129749496,0.2732311902743888,1,False,False,True,False,False,0.3526615536107775,0.45,801.4386383441393,0.564258485777244,0.5625,1602.8772766882787
693.445548908625,82146.63476812263,0.29672345525880817,37390.55445209989,0.06392595610843106,0.23559861734079743,0,False,False,True,False,False,0.12604025191651283,0.45,2120.721706098342,0.20166440306642053,0.5625,4241.443412196684
680.7555440469077,83361.41974967562,0.18800784491121647,38520.461641931,0.0287792612722116,0.19529045618329016,0,False,False,True,False,False,0.1303207908211526,0.45,2259.007660787545,0.20851326531384418,0.5625,4518.01532157509
685.8605659129299,91463.60681682076,0.24680612985701875,11908.402837417621,0.046504266801540226,0.19263268983408485,0,False,False,False,True,False,0.21438753778919922,0.45,1148.855923492145,0.34302006046271877,0.5625,2297.71184698429
633.619412968672,125255.11346915874,0.1938236743167719,20070.22854454498,0.11707434860020816,0.2789432249688334,0,False,True,False,False,False,0.204453835917295,0.45,1846.5458461510545,0.327126137467672,0.5625,3693.091692302109
681.4706104555365,70576.31931264876,0.27924647280918924,11731.543978168771,0.07532305466189998,0.18644074157251755,0,False,False,False,False,True,0.22278954219473385,0.45,1176.1493904601232,0.3564632675115742,0.5625,2352.298780920247
709.8798974747269,55042.568886538655,0.5054050176170812,22420.947636535177,0.06355138110528197,0.28487175147223365,0,False,False,False,False,False,0.2624492533992381,0.45,2647.962435470431,0.41991880543878096,0.5625,5295.924870940862
767.0686164677026,40517.01929963682,0.13537186284823724,21303.588589771105,0.08480054677558363,0.08204963275404073,0,False,False,True,False,False,0.07391309078190406,0.45,708.5763348372393,0.1182609452510465,0.5625,1417.1526696744786
737.5562495651125,56726.74900145202,0.10637263225479106,34355.92638723208,0.09505348208502636,0.1159954539577895,0,False,False,True,False,False,0.0765131232304389,0.45,1182.9056532129791,0.12242099716870225,0.5625,2365.8113064259583
809.1909474506933,74171.82567815507,0.476540439299233,40723.70495343531,0.11352196447707381,0.14151597871714444,0,False,True,False,False,False,0.026624014523972176,0.45,487.9028304675986,0.042598423238355484,0.5625,975.8056609351975
633.959146226717,119863.9465879447,0.27488115874177604,41748.20572947947,0.12345497689678778,0.37412947871436386,0,False,True,False,False,False,0.17134249786412387,0.45,3218.9588329654534,0.2741479965825982,0.5625,6437.917665930907
732.3392382032407,62059.717524095715,0.21971127136081,18253.983681060374,0.06920694062632743,0.13776796674406594,0,False,False,False,True,False,0.1383619252584793,0.45,1136.5453465867693,0.22137908041356688,0.5625,2273.0906931735385
691.0005203443011,80594.69879097246,0.42478856248752916,22489.33751506567,0.040218569417538846,0.27838540059912764,1,False,False,False,True,False,0.22370187036199066,0.45,2263.908089395023,0.3579229925791851,0.5625,4527.816178790046
811.3881759930604,74589.4275981812,0.2273261352315763,4798.741693348599,0.06759604516630172,0.05495120925976451,0,False,False,True,False,False,0.03754435242024871,0.45,81.07454218896939,0.06007096387239794,0.5625,162.1490843779388
631.502102878691,104709.8318362021,0.5191211656256324,15329.559202045737,0.08780841519748658,0.4377011060556746,0,False,True,False,False,False,0.33787402030387015,0.45,2330.7569086866215,0.5405984324861922,0.5625,4661.513817373242
629.6166894691535,138173.31064684055,0.38135110456071225,36578.21959716949,0.05108723221368168,0.37197688901642767,1,False,False,False,False,True,0.1813943823246498,0.45,2985.787597663782,0.2902310117194397,0.5625,5971.575195327564
644.0364412733587,61728.280676991984,0.24145063102251568,44386.99388257878,0.05128547255314871,0.3232203439641261,0,False,False,False,False,False,0.3263430661927922,0.45,6518.424457224662,0.5221489059084675,0.5625,13036.848914449323
552.5662565414116,62764.013937044445,0.5588769855918604,10187.813537440936,0.09031363644649656,0.6443623718966882,1,False,True,False,False,False,0.7646924144329419,0.45,3505.7446792822443,1.0,0.5625,5730.645114810526
648.4546986991544,101104.0219267268,0.22731420923959939,17890.42889016527,0.07854042945288647,0.24017215911613976,1,False,True,False,False,False,0.22074682588872718,0.45,1777.1649260813854,0.3531949214219635,0.5625,3554.3298521627707
634.4520403067781,92047.28724065778,0.38905144464111685,24683.130916492875,0.0809839098623476,0.36305967556864965,0,True,False,False,False,False,0.3724064949434931,0.45,4136.471220979117,0.595850391909589,0.5625,8272.942441958234
689.0236271885725,121167.68314340083,0.335915109648779,28361.933905835278,0.057245139958997916,0.2601683500019029,0,False,False,False,True,False,0.1347723705817687,0.45,1720.0822800477881,0.2156357929308299,0.5625,3440.1645600955762
700.5053585466296,89598.2046331491,0.4562089547278558,15284.757760940247,0.07308797857382698,0.27043440950943,0,False,False,False,False,False,0.23047064915028198,0.45,1585.209619470919,0.36875303864045117,0.5625,3170.419238941838
792.5702503529532,66017.69773032352,0.4873813436072223,30088.732533569077,0.052273005671950874,0.1419067284055865,0,False,False,True,False,False,0.04754644823216597,0.45,643.7755637004736,0.07607431717146557,0.5625,1287.5511274009473
737.025430291163,89766.37076730773,0.30384049788789197,19313.927835149007,0.10670595233374361,0.14837594938517593,0,False,True,False,False,False,0.07835982817645179,0.45,681.0462299585995,0.12537572508232286,0.5625,1362.092459917199
645.3857806602558,102717.5895145727,0.20958985555845797,24826.57274946065,0.11105748004171258,0.2893701551268913,1,False,False,True,False,False,0.21816942973572537,0.45,2437.379648569048,0.3490710875771606,0.5625,4874.759297138096
626.0951197190985,95512.0545299341,0.35519665715269394,31555.410976044393,0.02461436413285719,0.346703224676111,0,False,True,False,False,False,0.2780706367263014,0.45,3948.584950020953,0.4449130187620822,0.5625,7897.169900041906
709.5151502903904,87681.85077768244,0.21867415562974726,25077.067237731255,0.0521146741942277,0.15559819806065747,1,False,False,True,False,False,0.10570752673199532,0.45,1192.8756399266344,0.16913204277119254,0.5625,2385.751279853269
600.7860075787614,101666.86723972885,0.5416064697031947,19763.369313681178,0.03510412234729763,0.5372066353895428,0,False,False,False,False,False,0.5593591554058889,0.45,4974.669705273915,0.8949746486494222,0.5625,9949.33941054783
789.8875259512612,104232.38976114182,0.31638423972992846,23684.68235289003,0.060499281967793056,0.10530989799883868,0,False,False,False,True,False,0.038999593961267086,0.45,415.66184768893464,0.06239935033802734,0.5625,831.3236953778693
750.7664072432772,109553.97477593817,0.2561614138425469,23939.644489535975,0.07749686090628917,0.13063299835864406,0,False,False,False,False,False,0.07011676707934035,0.45,755.3567144857534,0.11218682732694457,0.5625,1510.713428971507
651.8494608737177,91217.74718974107,0.322161636703789,20559.867641414465,0.0365106434090441,0.25389227879694587,0,True,False,False,False,False,0.30866970920189246,0.45,2855.793764747161,0.49387153472302797,0.5625,5711.587529494322
577.2119282545473,70822.04799207865,0.13834484525643642,21894.447247994773,0.05234420560624061,0.32076027583462086,0,False,False,False,False,True,0.5164197446029656,0.45,5088.026185214653,0.8262715913647449,0.5625,10176.052370429306
761.2323424499248,78667.84216083307,0.18340631537872182,44183.766046056604,0.049881278837555054,0.11791481883911535,0,False,False,False,True,False,0.04959063521113984,0.45,985.9954609099528,0.07934501633782376,0.5625,1971.990921819906
673.127609284843,105162.72416270892,0.44404966895333103,31731.033375294865,0.08621801988196832,0.3669816585476517,0,False,False,False,False,False,0.22577385755728852,0.45,3223.8170142387257,0.36123817209166165,0.5625,6447.6340284774515
754.2689787184077,54576.6082253191,0.2211726865234325,21454.236183650075,0.08208033011108752,0.09894744644806902,0,True,False,False,False,False,0.10717873615661051,0.45,1034.747063716067,0.17148597785057684,0.5625,2069.4941274321345
584.334340472338,84216.83272182253,0.17437068207816725,33363.45285412883,0.058347873399882406,0.35463234647247166,1,False,False,False,False,True,0.4136143870122804,0.45,6209.821845393127,0.6617830192196488,0.5625,12419.643690786255
644.0374986227737,65166.52969181598,0.36439833030327434,20994.16612292788,0.08530462616418194,0.32223410596357016,0,True,False,False,False,False,0.41743479281469037,0.45,3943.662923628716,0.6678956685035047,0.5625,7887.3258472574325
680.314621983091,75718.62057337044,0.4422844985595596,39077.495651039695,0.06359959746238204,0.3173750857738108,0,False,True,False,False,False,0.16715771308751698,0.45,2939.447162796834,0.2674523409400272,0.5625,5878.894325593668
682.8188356258845,106961.29656518246,0.386274397279808,29435.706306377127,0.0718503466902184,0.26843166475809865,0,False,True,False,False,False,0.13072659583395005,0.45,1731.6133566302778,0.2091625533343201,0.5625,3463.226713260556
652.9960717112453,79777.47670049759,0.41952572229669793,23712.374271949255,0.1302035627089561,0.4004928516357171,1,False,False,True,False,False,0.2920219205499585,0.45,3116.0398840623207,0.46723507287993365,0.5625,6232.079768124641
717.37099594085,76160.91370390372,0.2091845893716647,30372.603109723328,0.12021383155371043,0.19210640329958611,0,False,False,False,True,False,0.12478267790779239,0.45,1705.4886379778188,0.19965228465246784,0.5625,3410.9772759556377
615.9427742370443,41003.59647550202,0.12938271999097875,6149.486175178008,0.041012562892172075,0.2139230374750226,0,False,True,False,False,False,0.5022164785598588,0.45,1389.7679813326956,0.8035463656957742,0.5625,2779.5359626653913
671.4572308987224,93656.33915068052,0.4801600382346584,11478.790373082336,0.10489197253637524,0.31762489735245747,1,True,False,False,False,False,0.3105828065337948,0.45,1604.3017183582579,0.4969324904540717,0.5625,3208.6034367165157
687.2177379027139,91137.10452852689,0.2612784193389437,10672.899923211335,0.10434189663474776,0.22283403958484133,0,False,False,False,True,False,0.22098122810420207,0.45,1061.3297396090181,0.3535699649667233,0.5625,2122.6594792180363
710.866330043525,129081.3680826365,0.2699000380253943,26715.317137164482,0.045552101337421456,0.15708173381388876,0,False,True,False,False,False,0.06434038300699464,0.45,773.4931815413207,0.10294461281119144,0.5625,1546.9863630826417
722.6968926853334,67305.54412617498,0.45938329702188696,45790.179993821104,0.10456332931264582,0.29798347819319754,0,False,False,True,False,False,0.10138101068566388,0.45,2089.0146272634224,0.16220961709706222,0.5625,4178.029254526845
612.5214744897279,80478.75819159846,0.3667476011280792,51775.60175431159,0.12613795755237658,0.5468184797107899,1,False,False,False,False,False,0.40120287538576804,0.45,9347.634134396203,0.6419246006172289,0.5625,18695.268268792406
587.9531497558627,81234.59209276889,0.3547065326497929,32656.613217289087,0.046323655812667584,0.480702573567056,0,False,False,True,False,False,0.4693573269566228,0.45,6897.429309205406,0.7509717231305966,0.5625,13794.858618410814
756.6606093139105,114436.33199408685,0.5598002813881301,31010.133699333484,0.05247491536957209,0.19788287762253878,0,False,False,False,False,True,0.04922193701170652,0.45,686.8704814529358,0.07875509921873043,0.5625,1373.7409629058716
699.9388407187755,72617.6116903262,0.22277781235438282,3387.3071901671324,0.11052984400530508,0.15097411551190437,1,False,True,False,False,False,0.18173548465175418,0.45,277.01726124122797,0.2907767754428067,0.5625,554.0345224824559
635.0908078066068,81975.53814425848,0.4113408153697484,18487.91440319174,0.08814485932476944,0.36048901408357864,0,False,False,False,False,True,0.3518554425348437,0.45,2927.282986746603,0.56296870805575,0.5625,5854.565973493206
773.0691185313514,90197.41274291348,0.30684157498765013,15546.594977101133,0.0965442882571857,0.09810246403297643,0,False,False,False,False,True,0.04993872723087924,0.45,349.36972466868485,0.07990196356940679,0.5625,698.7394493373698
686.9404780575716,79665.22807890896,0.3322310734635909,17549.828820986608,0.0902176764920149,0.21879954691229264,1,True,False,False,False,False,0.24036743669728106,0.45,1898.2833156794777,0.3845878987156497,0.5625,3796.5666313589554
750.7578310438296,63839.15963623679,0.4834162111695038,22982.274176982526,0.09172087762784432,0.22373139326904676,1,False,False,False,True,False,0.12711867133408047,0.45,1314.664270926105,0.20338987413452878,0.5625,2629.32854185221
684.0511088846065,79852.24982245768,0.3609402907547548,19334.913067634472,0.040205836150667515,0.21346006633880066,0,True,False,False,False,False,0.24537810327766468,0.45,2134.963933008606,0.3926049652442635,0.5625,4269.927866017212
803.6448754929193,101840.7937464943,0.3645955294859559,3000.0,0.11141953119864345,0.08236029755147169,0,False,True,False,False,False,0.035089943132957026,0.45,47.37142322949198,0.056143909012731245,0.5625,94.74284645898396
785.3204505465923,49337.1175147235,0.42870088047717625,33974.923073410406,0.1150876997728332,0.14228497727848835,0,False,False,False,False,True,0.054768731202669806,0.45,837.3435432475495,0.08762996992427169,0.5625,1674.687086495099
665.0621510912556,78324.2418536719,0.25620567245485376,12127.083691122321,0.07311827767795917,0.23694868947453804,1,False,False,False,False,False,0.3359924771087487,0.45,1833.5740002683833,0.537587963373998,0.5625,3667.1480005367666
738.2942570572613,57496.97962652067,0.19929483991931923,27870.962369333796,0.07869569150558413,0.1120561153238557,0,False,False,False,False,True,0.08664155568014778,0.45,1086.6525920918718,0.13862648908823647,0.5625,2173.305184183744
718.7225569751089,104876.16572312106,0.17462289671747597,49888.99203699968,0.034066774923328325,0.16116598104252142,0,False,False,False,False,False,0.07156287844419162,0.45,1606.5899427811737,0.11450060551070661,0.5625,3213.1798855623474
762.117893451941,36920.32738040563,0.06403720927487978,13967.38490096292,0.09542764268053505,0.062086501105633525,0,True,False,False,False,False,0.11062362599623567,0.45,695.305243543316,0.17699780159397707,0.5625,1390.610487086632
622.1045923651938,61026.95381821029,0.5467448555928386,3000.0,0.09716172325142432,0.44702491500666497,1,True,False,False,False,False,0.6369928260199,0.45,859.9403151268651,1.0,0.5625,1687.5
721.1630875999064,84430.29687661302,0.16761499611339803,21567.94933743867,0.07813426949002067,0.14276513311391004,0,False,False,False,True,False,0.11779511843650714,0.45,1143.2696159862783,0.18847218949841144,0.5625,2286.5392319725565
743.5054692109753,114138.10073085851,0.27344956516970736,38211.515619982856,0.11373060079611508,0.15082772101210637,0,False,False,False,False,True,0.04077729716842936,0.45,701.1730474614545,0.06524367546948698,0.5625,1402.346094922909
574.4756308146132,73356.2434731753,0.26678240401332953,48500.169450647125,0.06997768307060179,0.5167773105491965,1,False,False,True,False,False,0.4569779461518977,0.45,9973.57852060908,0.7311647138430364,0.5625,19947.15704121816
609.0044892400535,61120.01183267005,0.33688880373709207,10245.404866570998,0.09693817777680801,0.36945529747561756,0,True,False,False,False,False,0.6035826945259645,0.45,2782.7770841434585,0.9657323112415432,0.5625,5565.554168286918
557.6460693343939,122028.92673601475,0.39788846550471557,30960.39067883826,0.049410069839236535,0.5488671558632807,1,True,False,False,False,False,0.5615031692641129,0.45,7822.960869520253,0.8984050708225807,0.5625,15645.921739040507
663.8355899333266,38799.6524895939,0.4032568186031694,19416.27451863936,0.07929343547377286,0.34340186139756246,1,False,False,False,True,False,0.42530140242638914,0.45,3715.9959522028876,0.6804822438822227,0.5625,7431.991904405775
723.0525353477577,20029.85108449795,0.23003070737172737,23728.61974835037,0.07476937226291493,0.15526963824474146,1,False,False,False,False,False,0.2383836057502715,0.45,2545.431270789988,0.38141376920043446,0.5625,5090.862541579976
770.1414231257617,86000.3612513333,0.2799453943456306,56732.12016420442,0.08675923766122824,0.16466058525871877,0,False,False,False,True,False,0.03663039600658251,0.45,935.1540125585245,0.058608633610532014,0.5625,1870.308025117049
684.4456868251865,62448.644391184724,0.33390959405859594,6964.356059258162,0.06891419213499925,0.1925855326645177,0,False,False,False,False,True,0.25575060342160366,0.45,801.5122190691794,0.40920096547456586,0.5625,1603.0244381383588
777.7169327342775,49469.179571732166,0.27015706485797436,28044.87593793488,0.07605582212984997,0.09594106636367469,0,False,True,False,False,False,0.05487350254491033,0.45,692.5142570183839,0.08779760407185654,0.5625,1385.028514036768
597.1939125071065,92708.91118248383,0.4928814691223991,30612.318061185197,0.1047814151432452,0.5574284415573239,1,False,True,False,False,False,0.43216100381735123,0.45,5953.252546124022,0.691457606107762,0.5625,11906.505092248044
577.7970536386907,81095.01784427997,0.3589169941965901,38029.43589927217,0.06689707288285347,0.5499101141115164,1,False,False,False,False,False,0.5847778564534578,0.45,10007.44740328975,0.9356445703255325,0.5625,20014.8948065795
676.6671380662028,60898.03423158179,0.38818533432597807,26175.797841650747,0.031802686977839625,0.24618902492898243,1,True,False,False,False,False,0.29304560632541193,0.45,3451.8161473010787,0.4688729701206591,0.5625,6903.632294602156
703.0439269363584,42992.39003322764,0.3795457522400895,28696.606474049226,0.1324875171261626,0.2896372920713486,0,False,False,False,False,False,0.26775785093415033,0.45,3457.683755367501,0.4284125614946406,0.5625,6915.367510735003
678.0383151143544,96811.43320700362,0.44081686289823896,20300.21719093851,0.1214436223607146,0.3119522829390454,0,True,False,False,False,False,0.24575476955274675,0.45,2244.9938389334106,0.39320763128439484,0.5625,4489.987677866822
555.9534739976074,91255.02944896652,0.32172258704444484,28229.52329494129,0.04123211914683144,0.4926913501083088,0,True,False,False,False,False,0.6415462014876964,0.45,8149.744547855111,1.0,0.5625,15879.106853404475
674.6527976292327,72520.60340551543,0.1443801662452984,20881.692694031073,0.10069123415735583,0.17877238153935315,1,False,True,False,False,False,0.18472921846750281,0.45,1735.8564472411156,0.2955667495480045,0.5625,3471.712894482231
601.7318299697088,121165.92490119164,0.34796255421031697,32458.86267827261,0.06491075688345971,0.46802095803096705,1,False,False,False,False,False,0.3994555235388885,0.45,5834.642393081824,0.6391288376622217,0.5625,11669.28478616365
720.1803529298023,48247.880841846185,0.22183717274498052,20564.675967476393,0.08790461645993179,0.16412510417648957,1,False,False,False,True,False,0.18084522790855936,0.45,1673.5605804917739,0.289352364653695,0.5625,3347.1211609835477
701.9958947658109,36861.87072688153,0.23656599819002916,29525.204726826236,0.08882672387040481,0.17554723004975895,0,True,False,False,False,False,0.22977993372002933,0.45,3052.934813340193,0.36764789395204694,0.5625,6105.869626680386
623.6072128203587,57702.29825296889,0.37036368225061117,24648.84623578026,0.07296776599051034,0.40256927008482474,0,False,False,True,False,False,0.43525017182411396,0.45,4827.786551725286,0.6964002749185824,0.5625,9655.573103450572
649.1679849597983,73860.34959111255,0.44859396857203626,38512.603009266015,0.056487030032408105,0.4096027548047375,0,False,False,True,False,False,0.26889537440308225,0.45,4660.137362436236,0.4302325990449316,0.5625,9320.274724872472
616.4471886866629,81083.48623306729,0.3025525892083274,24383.275316938165,0.059283768430512224,0.39259759517232423,1,False,False,False,True,False,0.44319786567440894,0.45,4862.977010378321,0.7091165850790544,0.5625,9725.954020756644
676.2392541636096,68969.09855359176,0.3370599615118756,3723.610381517423,0.05251424253556273,0.2184087145060423,0,False,False,True,False,False,0.28644648444253407,0.45,479.97679644872494,0.4583143751080545,0.5625,959.9535928974499
737.3085392300743,83801.38491285742,0.5042657933562286,40143.0580085679,0.05504533375308666,0.2234185994784156,0,False,False,False,False,True,0.07439930119355266,0.45,1343.976958624365,0.11903888190968426,0.5625,2687.9539172487293
620.8564372198674,43711.51439523889,0.32889038153862815,14131.212389648574,0.07798465129851935,0.3337945682214962,0,True,False,False,False,False,0.5864580560288414,0.45,3729.3135063137915,0.9383328896461463,0.5625,7458.627012627583
710.2427909310707,111094.11510183148,0.6122019737016474,17154.80393621416,0.05852720032667745,0.337424365262327,0,False,False,False,True,False,0.16871856353220605,0.45,1302.4502450076093,0.2699497016515297,0.5625,2604.900490015219
648.1845428976535,72946.22054018578,0.3678611574757853,17852.064471478094,0.1004615619713786,0.35840647788400054,0,False,False,False,False,False,0.4208410838472943,0.45,3380.796972489877,0.6733457341556709,0.5625,6761.593944979754
632.4276300642593,102932.3957897032,0.08870846890130188,41493.257118049805,0.12461738466007782,0.270177854977299,0,True,False,False,False,False,0.2308982409897764,0.45,4311.3240366723985,0.36943718558364225,0.5625,8622.648073344797
673.5781784027265,83568.13365944261,0.3904009945325439,3000.0,0.06259840275889872,0.2705203610164657,1,False,False,False,True,False,0.3305743066661169,0.45,446.27531399925783,0.5289188906657871,0.5625,892.5506279985158
617.8854606548375,86418.8304788446,0.34573900618593334,62652.98240391994,0.08718213501606131,0.4809015808283643,0,False,True,False,False,False,0.22612603956179286,0.45,6375.3618499799,0.3618016632988686,0.5625,12750.7236999598
646.7810416791691,89244.1820058051,0.4547703304899295,37672.681708792625,0.09499055330908802,0.45780407476716867,0,False,False,False,False,False,0.32720429218014846,0.45,5546.998418874083,0.5235268674882375,0.5625,11093.996837748164
608.127326444669,86192.71400043287,0.380781762152395,27678.866969549916,0.09416006812757824,0.4452084186729071,0,False,True,False,False,False,0.38983569556368597,0.45,4855.594660870151,0.6237371129018976,0.5625,9711.189321740303
797.8835079749833,91068.0689966886,0.2833852819219471,24341.271992604565,0.08227865803748262,0.07870140516817581,0,True,False,False,False,False,0.03907281022472582,0.45,427.9868555379624,0.06251649635956132,0.5625,855.9737110759248
682.1158131183037,108228.81325331079,0.1530842116452761,28426.64889829188,0.10228047255079166,0.20630563936911897,0,False,False,False,False,False,0.15943969691184795,0.45,2039.5513280534285,0.25510351505895673,0.5625,4079.102656106857
638.0164695204448,79913.02924253675,0.27491720912567696,31253.46914055206,0.09446746858041971,0.34368065588646357,0,False,False,True,False,False,0.27986267390190156,0.45,3936.005749073459,0.4477802782430425,0.5625,7872.011498146918
692.8387946440533,92725.09393971281,0.19793754549488402,32742.587031400686,0.04287012733018107,0.19348729014649474,0,False,False,False,True,False,0.13872724603526193,0.45,2044.0300171212448,0.2219635936564191,0.5625,4088.0600342424896
673.2603170185503,72756.60764281933,0.23033718602343325,31667.253592041383,0.1060746819316782,0.23114385417586797,0,True,False,False,False,False,0.23198638687735015,0.45,3305.867284415911,0.37117821900376025,0.5625,6611.734568831822
666.7418240280066,111002.93038623683,0.37062940853047316,26074.968175062986,0.10661872511800226,0.29728944298529686,0,False,False,False,False,True,0.16749364482110032,0.45,1965.3261562059724,0.2679898317137605,0.5625,3930.652312411945
716.8500020026055,58090.19244851826,0.5003885405221687,22631.938956312086,0.057101416874642555,0.2650459002366672,0,False,False,False,False,False,0.23342383132587724,0.45,2377.275255682084,0.37347813012140363,0.5625,4754.550511364169
725.4504626028383,120023.51082277039,0.3473605835787577,23184.72059615786,0.08113813506342807,0.19610135483470617,0,False,False,False,False,False,0.10060739659620764,0.45,1049.649470995463,0.16097183455393224,0.5625,2099.298941990926
648.1699311433683,73996.05123389141,0.15649403255577787,22661.100635767827,0.10049986978433208,0.22402657081366983,0,True,False,False,False,False,0.3218080870658688,0.45,3281.6364508816146,0.51489293930539,0.5625,6563.272901763229
645.4509055613192,39230.622447048794,0.3533523201864169,38605.241162404775,0.07372058541261915,0.34436229134886476,0,True,False,False,False,False,0.4077055628547666,0.45,7082.80720976801,0.6523289005676266,0.5625,14165.61441953602
663.4968981709013,78202.61037276973,0.4435957783974781,32122.680667370343,0.11218934143298036,0.3732768083112545,0,False,True,False,False,False,0.22559781402822757,0.45,3261.0629426785003,0.36095650244516414,0.5625,6522.125885357001
541.884730115865,57973.70856312798,0.22682605148167412,3000.0,0.15091617483858083,0.5202305373640999,1,False,False,True,False,False,0.7795139589544964,0.45,1052.3438445885702,1.0,0.5625,1687.5
589.0885362680868,96016.08872471811,0.28391793999924986,32870.80931835713,0.05642041902095053,0.41748139061865863,0,False,True,False,False,False,0.3863681477796302,0.45,5715.105170557975,0.6181890364474083,0.5625,11430.210341115948
762.0124560466714,58684.40051744022,0.30176258336750367,27336.8343366253,0.038568661905386756,0.10653403096172391,0,False,True,False,False,False,0.06481720225278986,0.45,797.3537040666237,0.10370752360446378,0.5625,1594.7074081332473
778.698062810077,63845.41416963051,0.20581220243013118,24775.49492264923,0.08911455786814627,0.09051594038722939,0,False,False,True,False,False,0.04946088859215669,0.45,551.4380973831139,0.07913742174745071,0.5625,1102.8761947662279
665.0578376266174,27761.481726361726,0.3777936520612631,20337.77856293337,0.1016468751537843,0.28950777832302227,1,False,False,False,False,True,0.36936092528665926,0.45,3380.3913187261137,0.5909774804586548,0.5625,6760.782637452227
714.593417783346,63692.34201877308,0.2854862221670662,38489.35263983216,0.07307400878465693,0.185714110401237,0,False,True,False,False,False,0.1026404896348847,0.45,1777.754700306952,0.16422478341581553,0.5625,3555.509400613904
698.6750092726122,20000.0,0.3503438932688433,36370.317545474296,0.12359781989963103,0.2637838530082088,0,False,True,False,False,False,0.21415081454545265,0.45,3504.9299074380397,0.34264130327272424,0.5625,7009.859814876079
850.0,35402.429412856916,0.19350093866374798,15725.467986116691,0.03984182600830254,0.037707207879510415,0,False,False,False,False,False,0.03697749824384434,0.45,261.66980917811713,0.059163997190150946,0.5625,523.3396183562344
747.1744946860746,94010.36640360743,0.24750500396119074,29884.62744549442,0.10078755869094834,0.1416353166612071,0,False,False,True,False,False,0.05548888116148073,0.45,746.2190433951744,0.08878220985836917,0.5625,1492.4380867903487
672.3249445111541,94645.0039662708,0.38668576293933254,13340.119185504569,0.0618241753772332,0.29159268460336957,0,False,False,False,True,False,0.27127744107366975,0.45,1628.4930283176514,0.4340439057178716,0.5625,3256.9860566353027
622.6675735639744,85636.43904462412,0.25526002174898793,8444.582022532837,0.1315813371862189,0.308032040201887,0,False,False,False,False,True,0.3914562199262248,0.45,1487.5578708289465,0.6263299518819597,0.5625,2975.115741657893
583.6132207845457,50825.596421769675,0.5072356621480086,17479.393304920417,0.13977546059504356,0.5808046093574687,1,False,False,False,False,True,0.666656633691321,0.45,5243.739074831187,1.0,0.5625,9832.158734017734
692.2078181520334,73807.2160964505,0.2520436577262477,35348.721668593105,0.05700030236649956,0.2112377091504424,0,False,False,True,False,False,0.13714474917903846,0.45,2181.5512051674796,0.21943159868646156,0.5625,4363.102410334959
634.6189552829418,74909.93652273579,0.3269621670902263,36437.50054451304,0.0635132859227426,0.3421181362261929,1,True,False,False,False,False,0.35414242695749654,0.45,5806.829193794527,0.5666278831319945,0.5625,11613.658387589056
594.6647774241395,46040.88277018644,0.41191089982477075,31157.025041167515,0.10578763660939405,0.5080149722774878,0,True,False,False,False,False,0.6345026798483419,0.45,8896.147148125207,1.0,0.5625,17525.826585656727
641.2056269454484,112584.95754417876,0.1297961120480362,33701.14944217596,0.06838608050631456,0.26011012598726924,0,False,False,False,False,False,0.23324398132703023,0.45,3537.2656220356557,0.3731903701232484,0.5625,7074.531244071312
615.1071197831363,96934.05726439178,0.08870294256230689,31194.1394453795,0.07863766346203285,0.2928754349602854,0,False,False,False,False,False,0.35442830394233377,0.45,4975.238671454929,0.567085286307734,0.5625,9950.477342909857
781.2284981043539,69475.8956542584,0.11692124225158862,17302.220857324573,0.0807616526162723,0.06570147023112878,0,False,False,True,False,False,0.04594396928938356,0.45,357.71971666817336,0.0735103508630137,0.5625,715.4394333363468
732.898385416967,75672.14597486326,0.45151009241126183,30183.07053608729,0.022409805314070313,0.20896945300006517,0,False,False,False,False,False,0.1379336211584211,0.45,1873.4670975251547,0.22069379385347376,0.5625,3746.93419505031
679.521641521003,80209.57019868882,0.23377702249290638,34604.91430273219,0.07958486761717289,0.20982673705079016,0,False,False,False,False,True,0.14706597991586265,0.45,2290.142534326092,0.23530556786538026,0.5625,4580.285068652185
768.7966483334015,23956.628289392735,0.6069839142801903,34051.49595776289,0.05930816677807478,0.20553260922473254,1,False,False,False,False,True,0.10633840707056615,0.45,1629.4418273332476,0.17014145131290584,0.5625,3258.883654666495
684.642098458857,68820.56543698508,0.23229028816111336,39266.96045769571,0.06520631532800684,0.24464000018338972,0,False,False,False,True,False,0.18382002794531485,0.45,3248.1241958975397,0.2941120447125038,0.5625,6496.248391795079
628.3229479203042,57950.39380005503,0.3221461563836444,33499.646166412764,0.12330896010406442,0.38866180519578736,0,True,False,False,False,False,0.43904859003898533,0.45,6618.5875872757915,0.7024777440623766,0.5625,13237.175174551583
771.3874446361795,49959.49975262711,0.4850531943081451,29217.378490498995,0.042304793171622314,0.16353559472422133,0,False,False,True,False,False,0.07780497107631419,0.45,1022.9657797705495,0.12448795372210271,0.5625,2045.931559541099
712.3346026210795,67972.49267785113,0.5407311465790947,37841.80285979713,0.10439615560243933,0.3252141123656522,0,False,True,False,False,False,0.13199876395439653,0.45,2247.782041484626,0.21119802232703444,0.5625,4495.564082969252
617.7652307404126,119942.16317123806,0.5473804291963678,24681.74488901128,0.07163111209004575,0.49312782047101833,1,True,False,False,False,False,0.4000354263077657,0.45,4443.107552412815,0.6400566820924252,0.5625,8886.21510482563
668.5796793149835,91021.07153167525,0.44500394767117707,14417.504185267382,0.07160719494512496,0.29644375965914266,0,False,True,False,False,False,0.23598561256906717,0.45,1531.0456005948358,0.3775769801105075,0.5625,3062.0912011896717
627.4629047969146,60720.52525543008,0.4228875030973755,23043.196432674835,0.10371115688155134,0.4685802412826243,0,False,False,False,True,False,0.49887057885786645,0.45,5173.007734396809,0.7981929261725864,0.5625,10346.015468793617
597.0320161421398,89314.56953390397,0.37110323390414196,16061.168262322612,0.09020153883706672,0.48466836345143105,0,False,False,False,True,False,0.5522777243213646,0.45,3991.601456036126,0.8836443589141834,0.5625,7983.202912072252
